id,name,release_date,artist_id
1k7OXnGQPV4zF3seDwRroD,POST HUMAN: NeX GEn,2024-05-24,1Ffb6ejR6Fe5IamqA5oRUF
0e1WaSNDZnoPixaxDNdWo4,POST HUMAN: SURVIVAL HORROR,2020-10-30,1Ffb6ejR6Fe5IamqA5oRUF
5dH7StOKoPnNEbWh86MwFz,Live at the Royal Albert Hall,2020-10-28,1Ffb6ejR6Fe5IamqA5oRUF
4syhGzikXsrKqlOUA9s9ld,CONCRETE JUNGLE [THE OST],2024-05-31,3Ri4H12KFyu98LMjSoij5V
3p7m1Pmg6n3BlpL9Py7IUA,THE DEATH OF PEACE OF MIND,2022-02-25,3Ri4H12KFyu98LMjSoij5V
7c8yPdeBkBlcajNDiZpAEw,LIVE,2021-07-22,3Ri4H12KFyu98LMjSoij5V
3hWTXO0w02D6YpVRyLRmQz,"The End, So Far",2022-09-30,05fG473iIaoy82BF1aGhL8
754RY5WpZ2LTUZsk8kDBju,We Are Not Your Kind,2019-08-09,05fG473iIaoy82BF1aGhL8
09pLzub9F2asXde8dH2UDN,Day Of The Gusano (Live),2017-10-20,05fG473iIaoy82BF1aGhL8
0YIOpXQvcbiDNPusSqi5Ew,Negative Spaces,2024-11-15,5mlbvTfWUOfDrUIK6dkNzv
3J353DwtMfUV3V6t9vRPCk,Zig,2023-10-27,5mlbvTfWUOfDrUIK6dkNzv
2rnbGp9o1lJ0T77RBU1bCC,Flux,2021-09-24,5mlbvTfWUOfDrUIK6dkNzv
68uIz7DtgDoPUFTKxdzL9t,In Utero (30th Anniversary Super Deluxe),2023-10-27,6olE6TJLqED3rqDCT0FyPh
5eA0qtE7Yu29XiMlwoby2G,Nevermind (30th Anniversary Super Deluxe),2021-11-12,6olE6TJLqED3rqDCT0FyPh
4Sdfp3NL90GZoYYwLmhk0H,Live And Loud,2019-07-26,6olE6TJLqED3rqDCT0FyPh
79sg58t1vRpcxudpP9uPtg,Tsunami Sea,2025-03-07,4MzJMcHQBl9SIYSjwWn8QW
4OXoBlapQygTdzAifJm8BL,Eternal Blue,2021-09-17,4MzJMcHQBl9SIYSjwWn8QW
4R6FV9NSzhPihHR0h4pI93,From Zero,2024-11-15,6XyY86QOPPrYVGvF9ch6wz
7qKEQkRXySP0rhjtXJksfg,From Zero: A Cappellas + Instrumentals,2024-11-14,6XyY86QOPPrYVGvF9ch6wz
1x6p39FFIESOq8q8B4oQXN,From Zero: A Cappellas,2024-11-14,6XyY86QOPPrYVGvF9ch6wz
2knEuvsxqHMAoxlQpIdpQD,Popular Monster,2024-08-16,2CmaKO2zEGJ1NWpS1yfVGz
79fnwKynD56xIXBVWkyaE5,Coming Home (Deluxe Edition),2017-04-07,2CmaKO2zEGJ1NWpS1yfVGz
6Q6AwXjxcD7zL8fJMtHVo7,Just Like You (Deluxe Edition),2015-02-24,2CmaKO2zEGJ1NWpS1yfVGz
1gjugH97doz3HktiEjx2vY,Take Me Back To Eden,2023-05-19,2n2RSaZqBuUUukhbLlpnE6
6LQkcU4HKWlACIumhhQDnk,Sundowning (Instrumental),2022-03-20,2n2RSaZqBuUUukhbLlpnE6
36PkMUkelFPIKRVILL6c08,This Place Will Become Your Tomb (Instrumental),2021-11-26,2n2RSaZqBuUUukhbLlpnE6
3FtJCmMzsgTWZOi931Vqxy,Scoring The End Of The World (Deluxe Edition),2023-09-08,6MwPCCR936cYfM1dLsGVnl
0DoVnWjNFYoUfq7qe36jxh,Scoring The End Of The World,2022-06-10,6MwPCCR936cYfM1dLsGVnl
4JECM4NZhtpjDX4JbYkh00,Disguise,2019-06-07,6MwPCCR936cYfM1dLsGVnl
2W82VyyIFAXigJEiLm5TT1,"The Sky, The Earth & All Between",2025-02-28,3ZztVuWxHzNpl0THurTFCv
5ncQrFYuAZYrNcbzbJjgL4,the classic symptoms of a broken spirit,2022-10-21,3ZztVuWxHzNpl0THurTFCv
5JzVaRM6IgRKkmwWfSo9bl,For Those That Wish To Exist At Abbey Road,2022-03-25,3ZztVuWxHzNpl0THurTFCv
3Hthv2JVzYaWq0TyElU5lF,YUNGBLUD,2022-09-02,6Ad91Jof8Niiw0lGLLi3NW
1KsMhtT6PWdFuMCiNLvWmP,weird!,2020-12-04,6Ad91Jof8Niiw0lGLLi3NW
207fkpKCM1uvB5R5G6uT0W,YUNGBLUD (Live In Atlanta),2019-03-22,6Ad91Jof8Niiw0lGLLi3NW
3QxX3NbWyLlLG6lP1xveL3,Hypnotize,2005-11-22,5eAWCfyUhZtHHtBdNk56l1
0cn6MHyx4YuZauaB7Pb66o,Mezmerize,2005-05-17,5eAWCfyUhZtHHtBdNk56l1
6lA1sGw7eCv27bcpd5E0wT,Steal This Album!,2002-11-26,5eAWCfyUhZtHHtBdNk56l1
1l60K3wSsZjJDfeAvnkZw5,Fallen (Deluxe Edition / Remastered 2023),2023-11-17,5nGIFgo0shDenQYSE0Sn7c
1Z6rvvQMOMZw2DgyF4CQ9t,The Bitter Truth,2021-03-26,5nGIFgo0shDenQYSE0Sn7c
12NBjimNnuWAP0OXIlwyrZ,Synthesis Live,2018-12-14,5nGIFgo0shDenQYSE0Sn7c
