id,name
1Ffb6ejR6Fe5IamqA5oRUF,Bring Me The Horizon
3Ri4H12KFyu98LMjSoij5V,Bad Omens
05fG473iIaoy82BF1aGhL8,Slipknot
5mlbvTfWUOfDrUIK6dkNzv,Poppy
6olE6TJLqED3rqDCT0FyPh,Nirvana
4MzJMcHQBl9SIYSjwWn8QW,Spiritbox
6XyY86QOPPrYVGvF9ch6wz,Linkin Park
2CmaKO2zEGJ1NWpS1yfVGz,Falling In Reverse
2n2RSaZqBuUUukhbLlpnE6,Sleep Token
6MwPCCR936cYfM1dLsGVnl,Motionless In White
3ZztVuWxHzNpl0THurTFCv,Architects
6Ad91Jof8Niiw0lGLLi3NW,YUNGBLUD
5eAWCfyUhZtHHtBdNk56l1,System Of A Down
5nGIFgo0shDenQYSE0Sn7c,Evanescence
