song_id,genre_id
7DChHeLd7jF26oGUHNSA8q,1
24l3mfIPWVa645a9LEwSHx,2
0hpWmAB3L0OJ3VBeMkOQUu,3
0hpWmAB3L0OJ3VBeMkOQUu,4
0hpWmAB3L0OJ3VBeMkOQUu,5
7g4hIeYVk3h5qQXb9RLeXP,3
7g4hIeYVk3h5qQXb9RLeXP,5
7g4hIeYVk3h5qQXb9RLeXP,2
6tVahG14lCjexVQnYWKgwF,2
6tVahG14lCjexVQnYWKgwF,6
6tVahG14lCjexVQnYWKgwF,7
7mczLeiFeYKRb7vtiPjuMb,3
7mczLeiFeYKRb7vtiPjuMb,5
7mczLeiFeYKRb7vtiPjuMb,8
2tWhiQJQSTa5WE3eiByOf1,3
2tWhiQJQSTa5WE3eiByOf1,5
6w3ZkuXFdme8JfFE4wixnc,9
6w3ZkuXFdme8JfFE4wixnc,10
6w3ZkuXFdme8JfFE4wixnc,11
0lKUFDN6EFpbg5bnUfkkrl,12
0lKUFDN6EFpbg5bnUfkkrl,13
0lKUFDN6EFpbg5bnUfkkrl,14
0Brlm0oPqzabpgIG1D1eU5,15
0Brlm0oPqzabpgIG1D1eU5,16
0Brlm0oPqzabpgIG1D1eU5,17
7ojQB63aoM7jk5JsF4CRkj,3
7ojQB63aoM7jk5JsF4CRkj,10
7ojQB63aoM7jk5JsF4CRkj,8
2FpTKYNgIKLGpNYu7doupu,5
2FpTKYNgIKLGpNYu7doupu,18
2FpTKYNgIKLGpNYu7doupu,8
1EQgXWPkU96b4tw3pJtTp1,3
1EQgXWPkU96b4tw3pJtTp1,5
1EQgXWPkU96b4tw3pJtTp1,9
4F8dZKZnY8dhEtUbUzHiEt,19
4F8dZKZnY8dhEtUbUzHiEt,20
4F8dZKZnY8dhEtUbUzHiEt,9
6hXCQgN8DsyqymS0MfERpM,16
6hXCQgN8DsyqymS0MfERpM,13
6hXCQgN8DsyqymS0MfERpM,15
3IAqmiQpJiezGvQAHE2DSk,2
3DW6GVr7RVyfvo4NBRvZIZ,3
3DW6GVr7RVyfvo4NBRvZIZ,21
3DW6GVr7RVyfvo4NBRvZIZ,22
36xBFaVGjqm7le8CTHytUj,21
36xBFaVGjqm7le8CTHytUj,2
36xBFaVGjqm7le8CTHytUj,23
3WATWS2Ywo5HeHtG0bE2iZ,21
3WATWS2Ywo5HeHtG0bE2iZ,2
3WATWS2Ywo5HeHtG0bE2iZ,3
6MD6xpFK4cfquxRqXxqwjq,2
6MD6xpFK4cfquxRqXxqwjq,21
6MD6xpFK4cfquxRqXxqwjq,3
2VJ8DjdaOC5G3deIAefhq3,9
2VJ8DjdaOC5G3deIAefhq3,10
2VJ8DjdaOC5G3deIAefhq3,8
7CAbF0By0Fpnbiu6Xn5ZF7,3
7CAbF0By0Fpnbiu6Xn5ZF7,2
7CAbF0By0Fpnbiu6Xn5ZF7,24
6sIbv1oWOuma2qV907MUbk,21
6sIbv1oWOuma2qV907MUbk,2
6sIbv1oWOuma2qV907MUbk,3
4xWirulal0kGikFE3WSU75,2
4xWirulal0kGikFE3WSU75,9
4xWirulal0kGikFE3WSU75,25
20Kau1BL5IUaPo4l488D57,26
20Kau1BL5IUaPo4l488D57,8
20Kau1BL5IUaPo4l488D57,27
2WtFbotxC95UD2r1RzE036,24
2WtFbotxC95UD2r1RzE036,3
2WtFbotxC95UD2r1RzE036,23
25qmm4JIi2JYsQBQ9Fm43B,28
25qmm4JIi2JYsQBQ9Fm43B,3
25qmm4JIi2JYsQBQ9Fm43B,29
7I50EtrBjzjZmHwLj7BeFl,3
7I50EtrBjzjZmHwLj7BeFl,5
7I50EtrBjzjZmHwLj7BeFl,9
1XwE6abXTCVCoG3Go3DteI,29
4Pt0FnGP3ZGyW01xngwtT3,30
6yCysJaY0lFqHnrHvaR4pF,3
6yCysJaY0lFqHnrHvaR4pF,5
6yCysJaY0lFqHnrHvaR4pF,9
4TzGD5Pryq8DTjv5QRuJaW,8
6ERSCeGFBSwvHCvBjwrmwE,8
6tRneEcItwpSxBtqgem5Dr,2
6tRneEcItwpSxBtqgem5Dr,3
6tRneEcItwpSxBtqgem5Dr,31
0xoyUiHhxVH4gwb0CRgNmg,3
0xoyUiHhxVH4gwb0CRgNmg,2
0xoyUiHhxVH4gwb0CRgNmg,32
6nbLpQF1os2DiEW8PDSK1e,33
1H4Y9uW4N0LsxJUz0VnaPJ,3
1H4Y9uW4N0LsxJUz0VnaPJ,5
1H4Y9uW4N0LsxJUz0VnaPJ,27
5oZy9b1lMtREB3cqOPQusD,2
5oZy9b1lMtREB3cqOPQusD,34
1Gr0kbo4cgxYmhJa2lZX1a,12
5vf08i7oQHGPKFAkSxJBcv,24
2Qv8xJzenocwXyGlMU5PaC,3
2Qv8xJzenocwXyGlMU5PaC,21
2Qv8xJzenocwXyGlMU5PaC,4
1PcANFoqnDsexSHXpWrn8Q,8
1PcANFoqnDsexSHXpWrn8Q,12
1PcANFoqnDsexSHXpWrn8Q,2
6rsoBvxrlxdmqJyGPPciyq,22
6rsoBvxrlxdmqJyGPPciyq,5
6rsoBvxrlxdmqJyGPPciyq,35
5jeh4hwbQJnnAJHZV9fqeo,21
5jeh4hwbQJnnAJHZV9fqeo,2
5jeh4hwbQJnnAJHZV9fqeo,22
5ih5d9WJSI7Hxz0KIPJPY2,21
5ih5d9WJSI7Hxz0KIPJPY2,22
5ih5d9WJSI7Hxz0KIPJPY2,5
6AUfiRcpnffzH1KhI121f1,5
6AUfiRcpnffzH1KhI121f1,2
6AUfiRcpnffzH1KhI121f1,21
0qFBuG34m8V4LMgYUMYPV7,5
0qFBuG34m8V4LMgYUMYPV7,2
0qFBuG34m8V4LMgYUMYPV7,36
297TiFDfq3OyRYQyMk5OdA,37
297TiFDfq3OyRYQyMk5OdA,38
297TiFDfq3OyRYQyMk5OdA,39
7d0XwaQbPLT8tPX81uRYMv,5
7d0XwaQbPLT8tPX81uRYMv,40
38YxfCfUuQJU4r4pe3jeYb,2
38YxfCfUuQJU4r4pe3jeYb,21
38YxfCfUuQJU4r4pe3jeYb,36
3b3boZLiT0Q5aruT45oITP,2
3b3boZLiT0Q5aruT45oITP,21
3b3boZLiT0Q5aruT45oITP,41
6hqys5tmolP7EU6ZNP981s,22
6hqys5tmolP7EU6ZNP981s,5
6hqys5tmolP7EU6ZNP981s,42
5Oca13ac6cZ0hwZAs1SXse,12
5Oca13ac6cZ0hwZAs1SXse,2
5Oca13ac6cZ0hwZAs1SXse,21
5mpUKTdskZea0gStWzeHUZ,2
5mpUKTdskZea0gStWzeHUZ,21
5mpUKTdskZea0gStWzeHUZ,5
7I6p0xNYahHpUUXj785URX,21
7I6p0xNYahHpUUXj785URX,2
7I6p0xNYahHpUUXj785URX,12
2YkDmUfSC7bZpH3DHvvuxh,12
2YkDmUfSC7bZpH3DHvvuxh,2
2YkDmUfSC7bZpH3DHvvuxh,21
56fiFTRrSiHHH3gBeaTg2P,21
56fiFTRrSiHHH3gBeaTg2P,2
56fiFTRrSiHHH3gBeaTg2P,12
3XFaGEb6daqdj39ThpJ2XI,21
3XFaGEb6daqdj39ThpJ2XI,2
3XFaGEb6daqdj39ThpJ2XI,12
4wOgNWU6Y6mixNZcimJqDv,21
4wOgNWU6Y6mixNZcimJqDv,2
4wOgNWU6Y6mixNZcimJqDv,12
4SsgF844NGbl7UFcymqWKy,21
4SsgF844NGbl7UFcymqWKy,12
4SsgF844NGbl7UFcymqWKy,2
5Alg8C9HBdmTqzo6n3Itvn,12
5Alg8C9HBdmTqzo6n3Itvn,2
5Alg8C9HBdmTqzo6n3Itvn,21
3ViTZxW9satrTEMRu1GCLV,2
3ViTZxW9satrTEMRu1GCLV,12
3ViTZxW9satrTEMRu1GCLV,21
0ipTpoDQ06S5iI4RRQFQjx,21
0ipTpoDQ06S5iI4RRQFQjx,12
0ipTpoDQ06S5iI4RRQFQjx,2
1ZGOCNA6FyUWENWHYhjEzl,12
1ZGOCNA6FyUWENWHYhjEzl,2
1ZGOCNA6FyUWENWHYhjEzl,21
06AojtTNdRQ1fB80VbB1g2,21
06AojtTNdRQ1fB80VbB1g2,12
06AojtTNdRQ1fB80VbB1g2,2
6WCkyaVmut83CtBFEUhDo4,21
6WCkyaVmut83CtBFEUhDo4,2
6WCkyaVmut83CtBFEUhDo4,12
3x47sfGF8WvGJsvPlG5xww,3
3x47sfGF8WvGJsvPlG5xww,29
3x47sfGF8WvGJsvPlG5xww,24
2PcaKowfrJ2FDoBP5uxHaU,2
2PcaKowfrJ2FDoBP5uxHaU,3
2PcaKowfrJ2FDoBP5uxHaU,24
3M6DFZjmUoRdyouqsiDQE0,3
3M6DFZjmUoRdyouqsiDQE0,43
3M6DFZjmUoRdyouqsiDQE0,2
42CLGiuepFnuOgJrO5y4ZY,18
1qpgbyeSW2BPPuc3dSZ0QQ,44
1qpgbyeSW2BPPuc3dSZ0QQ,45
1qpgbyeSW2BPPuc3dSZ0QQ,3
4S92Ilu72gVBD66kwsRWOc,3
4S92Ilu72gVBD66kwsRWOc,12
4S92Ilu72gVBD66kwsRWOc,46
4IW3nptOEnusLgiYMu9TlV,3
4IW3nptOEnusLgiYMu9TlV,8
4IW3nptOEnusLgiYMu9TlV,12
4glCMJ7ZgD8gLe8jyn7rZE,21
4glCMJ7ZgD8gLe8jyn7rZE,47
5PZZ3G5djpINln9xcMxcmB,3
5PZZ3G5djpINln9xcMxcmB,48
5PZZ3G5djpINln9xcMxcmB,49
3SowkNXvDoTa2qhqmYB3SZ,8
3SowkNXvDoTa2qhqmYB3SZ,12
3SowkNXvDoTa2qhqmYB3SZ,50
419enH9cwpECglYs5FyCF0,5
419enH9cwpECglYs5FyCF0,12
419enH9cwpECglYs5FyCF0,51
78GAQZUGa11v6f8ozhGqbM,2
78GAQZUGa11v6f8ozhGqbM,24
78GAQZUGa11v6f8ozhGqbM,3
17qMVwZFqI9imMZgRl4EEH,12
17qMVwZFqI9imMZgRl4EEH,52
17qMVwZFqI9imMZgRl4EEH,53
4V40V5u9oVRgRRLElF4IHS,23
4V40V5u9oVRgRRLElF4IHS,29
4V40V5u9oVRgRRLElF4IHS,54
7FuQkitKqCDWGSuj7XjquY,29
7FuQkitKqCDWGSuj7XjquY,55
7FuQkitKqCDWGSuj7XjquY,54
1gaGSdNSAWyxdMYdRcM9T5,56
1gaGSdNSAWyxdMYdRcM9T5,23
1gaGSdNSAWyxdMYdRcM9T5,29
4vugQ61VEjOo9yLetBxgXp,29
4vugQ61VEjOo9yLetBxgXp,35
4vugQ61VEjOo9yLetBxgXp,57
62qh2PZXOVhnI1HaOLqa5h,29
62qh2PZXOVhnI1HaOLqa5h,58
62qh2PZXOVhnI1HaOLqa5h,35
5AG9Y793rwAJPpUYIBCSei,29
5AG9Y793rwAJPpUYIBCSei,56
5AG9Y793rwAJPpUYIBCSei,12
58SM6Pb7Bi9WY7SO83bjQx,29
58SM6Pb7Bi9WY7SO83bjQx,56
58SM6Pb7Bi9WY7SO83bjQx,24
490uJJNTGDxH3z7x7qdSuD,59
490uJJNTGDxH3z7x7qdSuD,60
490uJJNTGDxH3z7x7qdSuD,35
6rGZbWpqhCkxZ7Nk3pDXLq,19
6rGZbWpqhCkxZ7Nk3pDXLq,20
6rGZbWpqhCkxZ7Nk3pDXLq,29
0t4lttdheK2G3PRmgwp6j0,18
0t4lttdheK2G3PRmgwp6j0,37
0t4lttdheK2G3PRmgwp6j0,58
66nxTjP7UA3Z0Ac4g5ucOY,23
66nxTjP7UA3Z0Ac4g5ucOY,17
66nxTjP7UA3Z0Ac4g5ucOY,25
39limMlZ5B25XM1FhNqa02,8
39limMlZ5B25XM1FhNqa02,12
39limMlZ5B25XM1FhNqa02,52
3FN6pMhXTWut9Syvx8oDO6,8
3FN6pMhXTWut9Syvx8oDO6,61
3FN6pMhXTWut9Syvx8oDO6,62
4FF4oGa9RZP5pxSvqLG1Ta,8
4FF4oGa9RZP5pxSvqLG1Ta,15
4FF4oGa9RZP5pxSvqLG1Ta,12
3Ym0iDh6S2uKMRuKGRoRwK,8
3Ym0iDh6S2uKMRuKGRoRwK,18
3Ym0iDh6S2uKMRuKGRoRwK,13
5uYvts9fz8ijHbocCGSDWC,8
5uYvts9fz8ijHbocCGSDWC,53
5uYvts9fz8ijHbocCGSDWC,63
4hcxkA5rIL9oNLcEMRBsmV,64
4hcxkA5rIL9oNLcEMRBsmV,8
4hcxkA5rIL9oNLcEMRBsmV,27
1h1R6w7C5PTYO5spKVvgJm,8
1h1R6w7C5PTYO5spKVvgJm,65
1h1R6w7C5PTYO5spKVvgJm,66
2w9p1jJFcNTZciQZsU9UmD,53
2w9p1jJFcNTZciQZsU9UmD,8
2w9p1jJFcNTZciQZsU9UmD,52
1w8rYYRLwJ1k4tJQhk1eBG,8
1w8rYYRLwJ1k4tJQhk1eBG,53
1w8rYYRLwJ1k4tJQhk1eBG,67
2LKAB4VBxok5XPD4JVvyNX,68
41GZsHDaQs5xsfxD156swD,68
61kR1LRtKHu6ZB0JFsQ0iK,68
4TdMextarlmeWqvdrwZcFL,68
4TMhakloPMPS84lNHNTSa3,68
1MsfdAHNRX2T1BWmkpj87C,68
7sRCNXJwpNnG2QHMbc3YDL,68
2eMi5NrN8a5AAeo4xy87Hw,68
0WjXWg5siGyu2aNhs4ROK2,68
28AkPv6nQBUteNyQoGGdY6,68
6mrYsSzOI4nDnTcIXGhXTG,69
0zk5N2l5c8YracLr5Zg0qk,8
0zk5N2l5c8YracLr5Zg0qk,64
0zk5N2l5c8YracLr5Zg0qk,27
7MjPAdHoRmRoiTKi1PXyMk,8
7MjPAdHoRmRoiTKi1PXyMk,64
7MjPAdHoRmRoiTKi1PXyMk,27
5cPhYSJvkI0xmDQjePm5UP,69
38IJPc1rTcdnOtI2xkm7nm,8
38IJPc1rTcdnOtI2xkm7nm,64
38IJPc1rTcdnOtI2xkm7nm,27
0IaIDa2e92mtfTuZLr5d4q,8
0IaIDa2e92mtfTuZLr5d4q,64
0IaIDa2e92mtfTuZLr5d4q,27
14iSCO87Qveq9UXCtN48Vm,3
14iSCO87Qveq9UXCtN48Vm,43
14iSCO87Qveq9UXCtN48Vm,70
3xNwSLvN6QsZ6BgUbQKRm3,3
3xNwSLvN6QsZ6BgUbQKRm3,43
3xNwSLvN6QsZ6BgUbQKRm3,24
7CoiOXsrfI58wUZBt45HgL,3
7CoiOXsrfI58wUZBt45HgL,43
7CoiOXsrfI58wUZBt45HgL,53
0Sd7nAZakCLRPxAqfiFd9m,3
0Sd7nAZakCLRPxAqfiFd9m,43
0Sd7nAZakCLRPxAqfiFd9m,2
4bkPAARkDov1lV05emEF7a,3
4bkPAARkDov1lV05emEF7a,43
4bkPAARkDov1lV05emEF7a,21
7bGzUyc4a949g2c0EIzMpx,43
7bGzUyc4a949g2c0EIzMpx,2
7bGzUyc4a949g2c0EIzMpx,71
7z5VyHN6KeN1xF7y4uJ5Nq,43
7z5VyHN6KeN1xF7y4uJ5Nq,67
7z5VyHN6KeN1xF7y4uJ5Nq,2
2wwxE7Ww8UfcDtXCiLlnsB,3
2wwxE7Ww8UfcDtXCiLlnsB,43
2wwxE7Ww8UfcDtXCiLlnsB,24
24sCYoOyqR880pCFfQsika,19
24sCYoOyqR880pCFfQsika,2
24sCYoOyqR880pCFfQsika,9
3Fk6MqQs8k1pGV3PJ8jrkY,43
3Fk6MqQs8k1pGV3PJ8jrkY,53
3Fk6MqQs8k1pGV3PJ8jrkY,72
158w8pSMF1Z13xzgHhGXRV,67
158w8pSMF1Z13xzgHhGXRV,2
158w8pSMF1Z13xzgHhGXRV,73
0qZ03ABKZsGbGhvh1zbbil,74
0qZ03ABKZsGbGhvh1zbbil,5
0qZ03ABKZsGbGhvh1zbbil,75
6Pd8HUW71iIjalkxJbo8FP,3
6Pd8HUW71iIjalkxJbo8FP,5
6Pd8HUW71iIjalkxJbo8FP,43
6PmAWNUMqIJbTbfCOuhwSf,3
6PmAWNUMqIJbTbfCOuhwSf,5
6PmAWNUMqIJbTbfCOuhwSf,74
1fhrF2KXBaTpznXWVKCWaa,43
1fhrF2KXBaTpznXWVKCWaa,76
1fhrF2KXBaTpznXWVKCWaa,77
1LLiDI21J4WWlmqk7zsm9v,3
1LLiDI21J4WWlmqk7zsm9v,5
1LLiDI21J4WWlmqk7zsm9v,43
2g3erkcUse49xvnHuPyVTq,3
2g3erkcUse49xvnHuPyVTq,5
2g3erkcUse49xvnHuPyVTq,75
3FI0iAAAjmR31xpZEwbdys,3
3FI0iAAAjmR31xpZEwbdys,5
3FI0iAAAjmR31xpZEwbdys,43
1wjpQiPQO8a1GDjhAD0gCo,78
1wjpQiPQO8a1GDjhAD0gCo,3
1wjpQiPQO8a1GDjhAD0gCo,5
1uhces29ApKuQWFdpiUsvH,1
1uhces29ApKuQWFdpiUsvH,79
1EDPVGbyPKJPeGqATwXZvN,21
1EDPVGbyPKJPeGqATwXZvN,12
1EDPVGbyPKJPeGqATwXZvN,2
5mFZipkX1HZ4Idz5LOWpzq,12
5mFZipkX1HZ4Idz5LOWpzq,80
5mFZipkX1HZ4Idz5LOWpzq,81
2HBBM75Xv3o2Mqdyh1NcM0,21
2HBBM75Xv3o2Mqdyh1NcM0,12
2HBBM75Xv3o2Mqdyh1NcM0,82
3k4gjmYNJugQRlh2aounZ9,18
3k4gjmYNJugQRlh2aounZ9,13
3k4gjmYNJugQRlh2aounZ9,12
7BkzAHnNW7WfrT4NcLaUDx,48
7BkzAHnNW7WfrT4NcLaUDx,83
7BkzAHnNW7WfrT4NcLaUDx,82
7diOv6wm3ngF7Vt6ubK0Sf,9
7diOv6wm3ngF7Vt6ubK0Sf,72
7diOv6wm3ngF7Vt6ubK0Sf,84
6i5qhmmF9UNUBRyrPSGn4m,21
6i5qhmmF9UNUBRyrPSGn4m,2
6i5qhmmF9UNUBRyrPSGn4m,85
0J1IJsMbKWb5g2sJArTkGF,12
0J1IJsMbKWb5g2sJArTkGF,13
0J1IJsMbKWb5g2sJArTkGF,86
7M8eZBRTD9QNasEVReEM0H,83
7M8eZBRTD9QNasEVReEM0H,21
7M8eZBRTD9QNasEVReEM0H,5
6aCBjSb87RizdH8lVBIRW7,18
6aCBjSb87RizdH8lVBIRW7,12
6aCBjSb87RizdH8lVBIRW7,13
4myFsmx2v6znDOJfn3IkbD,3
4myFsmx2v6znDOJfn3IkbD,2
4myFsmx2v6znDOJfn3IkbD,14
19CCQeIOxxUDcpFw539zd7,87
19CCQeIOxxUDcpFw539zd7,3
19CCQeIOxxUDcpFw539zd7,88
2eKoPnGnuHqIpfph45z44W,3
2eKoPnGnuHqIpfph45z44W,85
2eKoPnGnuHqIpfph45z44W,4
1jVXXu8W4iny6MRkxKxxPI,3
1jVXXu8W4iny6MRkxKxxPI,89
1jVXXu8W4iny6MRkxKxxPI,5
1SlxMFZexm81T0tUK6mwni,3
1SlxMFZexm81T0tUK6mwni,90
1SlxMFZexm81T0tUK6mwni,5
1USeS8c7cpR8dmb07IUAnZ,2
1USeS8c7cpR8dmb07IUAnZ,91
1USeS8c7cpR8dmb07IUAnZ,14
2eW6dRMcZt7LIluGzicM9H,16
2eW6dRMcZt7LIluGzicM9H,78
2eW6dRMcZt7LIluGzicM9H,92
4Jk6ZV8QsuWNLVzjX8VeE6,14
4Jk6ZV8QsuWNLVzjX8VeE6,8
4Jk6ZV8QsuWNLVzjX8VeE6,83
5IwdHDiLWES2K4XtUjKn4A,14
5IwdHDiLWES2K4XtUjKn4A,8
5IwdHDiLWES2K4XtUjKn4A,83
4VXhicGRlRz7Z4OQUOzkpT,8
4VXhicGRlRz7Z4OQUOzkpT,14
4VXhicGRlRz7Z4OQUOzkpT,83
6uSpReaIE9rsnvhmpsJClE,14
6uSpReaIE9rsnvhmpsJClE,8
6uSpReaIE9rsnvhmpsJClE,83
5ElqFDw0Rn1tkdaJpDJSrx,14
5ElqFDw0Rn1tkdaJpDJSrx,8
5ElqFDw0Rn1tkdaJpDJSrx,83
2uEhFDZqAjzflscjStpmzd,14
2uEhFDZqAjzflscjStpmzd,8
2uEhFDZqAjzflscjStpmzd,83
0unL0Fgezp3ts4aFtT2FB5,14
0unL0Fgezp3ts4aFtT2FB5,8
0unL0Fgezp3ts4aFtT2FB5,83
2b5wWbvt1IPBEMczBPtuB1,14
2b5wWbvt1IPBEMczBPtuB1,8
2b5wWbvt1IPBEMczBPtuB1,83
4UAdIHc0paTuEJkZWgPiIq,14
4UAdIHc0paTuEJkZWgPiIq,8
4UAdIHc0paTuEJkZWgPiIq,83
5y6znJ3osgBVDzis8xcNTJ,14
5y6znJ3osgBVDzis8xcNTJ,8
5y6znJ3osgBVDzis8xcNTJ,83
0kTcEzRcDLjCP27TglgeeP,3
0kTcEzRcDLjCP27TglgeeP,8
0kTcEzRcDLjCP27TglgeeP,83
6RlbiSkOcXM6OjcVlELWV3,14
6RlbiSkOcXM6OjcVlELWV3,8
6RlbiSkOcXM6OjcVlELWV3,83
77JbeEezKoH1w38l2zLFGM,14
77JbeEezKoH1w38l2zLFGM,8
77JbeEezKoH1w38l2zLFGM,83
73nWqXQgY3kC72JPkzYoJW,8
73nWqXQgY3kC72JPkzYoJW,12
73nWqXQgY3kC72JPkzYoJW,93
7xhTU0UBVW8BBbkJzZ810W,8
7xhTU0UBVW8BBbkJzZ810W,83
7xhTU0UBVW8BBbkJzZ810W,94
4TncWhCfACwaIU8hllz8SQ,8
4TncWhCfACwaIU8hllz8SQ,16
4TncWhCfACwaIU8hllz8SQ,95
1wQPcfKUzpzrf6gcVqQh04,14
1wQPcfKUzpzrf6gcVqQh04,93
1wQPcfKUzpzrf6gcVqQh04,96
7ggGTSxuNkyJlADN1m111o,95
7ggGTSxuNkyJlADN1m111o,97
7ggGTSxuNkyJlADN1m111o,98
1vW52OMcN2nrGzN69ctgXp,16
1vW52OMcN2nrGzN69ctgXp,14
1vW52OMcN2nrGzN69ctgXp,96
0vvCicaCk05Rh8kehBDPOx,14
0vvCicaCk05Rh8kehBDPOx,95
0vvCicaCk05Rh8kehBDPOx,86
5TzmQoMOSEtB3tfq3y6slN,3
5TzmQoMOSEtB3tfq3y6slN,14
5TzmQoMOSEtB3tfq3y6slN,95
6qpf0lDld0rAvd2poPqxZI,95
6qpf0lDld0rAvd2poPqxZI,98
1P7oIDtrjsPS5CgTbom58X,96
1P7oIDtrjsPS5CgTbom58X,98
2AOMMigM6lgv7L68yOjpEF,3
2AOMMigM6lgv7L68yOjpEF,14
2AOMMigM6lgv7L68yOjpEF,95
6zBfayKHRNCi4qDw8sYSzd,16
6zBfayKHRNCi4qDw8sYSzd,78
6zBfayKHRNCi4qDw8sYSzd,92
4Mg5doudqpVyWSKE6czP0E,14
4Mg5doudqpVyWSKE6czP0E,95
3n7QBxRTWSxKMMvduMKUNM,8
3n7QBxRTWSxKMMvduMKUNM,83
3n7QBxRTWSxKMMvduMKUNM,16
1Uifdytv882RtTn6Gr4xAA,2
1Uifdytv882RtTn6Gr4xAA,99
0S38Oso3I9vpDXcTb7kYt9,75
0S38Oso3I9vpDXcTb7kYt9,2
0S38Oso3I9vpDXcTb7kYt9,3
4mxiv6HQfhqgIuN5iOONQd,75
4mxiv6HQfhqgIuN5iOONQd,100
4mxiv6HQfhqgIuN5iOONQd,99
5ub6Cb5yKmgGGwjvqZM1gI,101
5ub6Cb5yKmgGGwjvqZM1gI,99
5ub6Cb5yKmgGGwjvqZM1gI,102
5vJIVr0ZYo8DFbfSOY4Goa,103
5vJIVr0ZYo8DFbfSOY4Goa,75
5vJIVr0ZYo8DFbfSOY4Goa,104
2Z1eWq9VOXkCzUmcU6uoNe,75
2Z1eWq9VOXkCzUmcU6uoNe,2
2Z1eWq9VOXkCzUmcU6uoNe,99
5fxt2afoPXrHop4DEi4PEN,8
5fxt2afoPXrHop4DEi4PEN,87
5fxt2afoPXrHop4DEi4PEN,12
21eMasL93nEafqRwlI851z,2
21eMasL93nEafqRwlI851z,11
21eMasL93nEafqRwlI851z,99
0OFNCqshaxAaKkGdlu16IM,9
0OFNCqshaxAaKkGdlu16IM,13
0OFNCqshaxAaKkGdlu16IM,105
0GXwlEXCO8qeeeOIYpsR3m,2
0GXwlEXCO8qeeeOIYpsR3m,99
2Gt7fjNlx901pPRkvBiNBZ,75
2Gt7fjNlx901pPRkvBiNBZ,2
2Gt7fjNlx901pPRkvBiNBZ,5
3hZIvVYZWsuFpdWdXQFgKx,5
3hZIvVYZWsuFpdWdXQFgKx,75
3hZIvVYZWsuFpdWdXQFgKx,65
5MCUpUfWI7r0v931vSiWul,3
3FuJVRxp3tguqTLwc0pike,3
3FuJVRxp3tguqTLwc0pike,106
7ImIV6FznH8KFKtP2RLcqT,106
7ImIV6FznH8KFKtP2RLcqT,3
7ImIV6FznH8KFKtP2RLcqT,2
65jjjIME1HZpk9JXsmtAhg,68
1uTJHf4xqGvrFwo6yLZpnC,29
1uTJHf4xqGvrFwo6yLZpnC,24
1uTJHf4xqGvrFwo6yLZpnC,14
2bcbWaxjeVmoOmWNeNEMem,5
2bcbWaxjeVmoOmWNeNEMem,93
73QoCfWJJWbRYmm5nCH5Y2,3
2ClgEn1FZxchrqRZ04JZzj,3
2ClgEn1FZxchrqRZ04JZzj,106
3c9kVsKF68xMzlS0NikVn3,106
3c9kVsKF68xMzlS0NikVn3,3
3c9kVsKF68xMzlS0NikVn3,2
1JMrmmvPZvwdKOnti8wbmC,68
2vNUATEUKbavRo2gMjHs2S,29
2vNUATEUKbavRo2gMjHs2S,24
2vNUATEUKbavRo2gMjHs2S,14
0Tkgl0sQyr6QO0IGmS8aa5,5
0Tkgl0sQyr6QO0IGmS8aa5,93
6LNKeK9iJ66iwe16VxG43H,3
6LNKeK9iJ66iwe16VxG43H,107
6LNKeK9iJ66iwe16VxG43H,24
1zVuDtGYWtwg2Id64zrL2K,3
1zVuDtGYWtwg2Id64zrL2K,107
3p3t4C8mvtZrFBRs6OE7eY,3
3p3t4C8mvtZrFBRs6OE7eY,5
3p3t4C8mvtZrFBRs6OE7eY,9
0y0v0SDevDcGW5rsDElup3,3
0y0v0SDevDcGW5rsDElup3,107
0y0v0SDevDcGW5rsDElup3,108
0RjTa79DOaCvav4xusyHAH,107
0RjTa79DOaCvav4xusyHAH,109
4DQPKxM9mp70Nxz0FH051A,3
4DQPKxM9mp70Nxz0FH051A,2
4DQPKxM9mp70Nxz0FH051A,110
0CRXtwDkyX0VpkDcaTtG99,24
0YZEYxd1oiqZRFhnnmTKKi,3
0YZEYxd1oiqZRFhnnmTKKi,107
0YZEYxd1oiqZRFhnnmTKKi,83
0vPkRB52RENZMpHybpFKYK,2
0vPkRB52RENZMpHybpFKYK,107
0vPkRB52RENZMpHybpFKYK,56
6Fru9ck2yZQpyLHxSfmasq,3
6Fru9ck2yZQpyLHxSfmasq,2
6Fru9ck2yZQpyLHxSfmasq,111
5c3Nd8XUPfsO8MLUM1oa7O,3
5c3Nd8XUPfsO8MLUM1oa7O,5
5c3Nd8XUPfsO8MLUM1oa7O,112
04yjYHGB3aoyS3q7D7LiKy,3
04yjYHGB3aoyS3q7D7LiKy,2
04yjYHGB3aoyS3q7D7LiKy,111
3yC1soClolbb2jFH7XIPqd,5
3yC1soClolbb2jFH7XIPqd,12
3yC1soClolbb2jFH7XIPqd,13
1tH7fEOpyS6RCHHxglAU9C,3
1tH7fEOpyS6RCHHxglAU9C,24
1tH7fEOpyS6RCHHxglAU9C,14
2mn6TJItWVdVxVeCzHfoxZ,3
2mn6TJItWVdVxVeCzHfoxZ,2
2mn6TJItWVdVxVeCzHfoxZ,14
1tdZ3QQYxRwVXwTDJwfAMY,3
1tdZ3QQYxRwVXwTDJwfAMY,2
1tdZ3QQYxRwVXwTDJwfAMY,113
7xGTMfEv4YSK9VggF8tyvi,2
7xGTMfEv4YSK9VggF8tyvi,113
7xGTMfEv4YSK9VggF8tyvi,28
44TUJhvq8ZSoIO1AzpD6X7,3
44TUJhvq8ZSoIO1AzpD6X7,43
44TUJhvq8ZSoIO1AzpD6X7,114
6DLaYITCfzaNEAj0ZyGRad,3
6DLaYITCfzaNEAj0ZyGRad,14
6DLaYITCfzaNEAj0ZyGRad,115
65qBr6ToDUjTD1RiE1H4Gl,3
65qBr6ToDUjTD1RiE1H4Gl,111
1B2OVlFv8mHREUCXzAQBXx,12
1B2OVlFv8mHREUCXzAQBXx,114
1B2OVlFv8mHREUCXzAQBXx,116
7mfMTQ21RSVhUw778ymlyV,29
7mfMTQ21RSVhUw778ymlyV,24
7mfMTQ21RSVhUw778ymlyV,117
7Igb2aGtzSlisOgXbjmdZW,29
7Igb2aGtzSlisOgXbjmdZW,2
7Igb2aGtzSlisOgXbjmdZW,24
46xcK3IlceaiXFuzOaLysR,118
46xcK3IlceaiXFuzOaLysR,56
46xcK3IlceaiXFuzOaLysR,2
3Pysg3zpSc34Aj08HPbl78,5
3Pysg3zpSc34Aj08HPbl78,3
3Pysg3zpSc34Aj08HPbl78,64
1Ho5lI6FHNyG8H7UW5kSrs,117
1Ho5lI6FHNyG8H7UW5kSrs,119
1Ho5lI6FHNyG8H7UW5kSrs,68
7DkN4oeXv2mqyPy0sJNrus,3
7DkN4oeXv2mqyPy0sJNrus,5
7DkN4oeXv2mqyPy0sJNrus,18
1NDLQvcwBgWn4Il3ex0kkH,3
2XNJNwSOq8tLWhQ5a9sGBb,3
2XNJNwSOq8tLWhQ5a9sGBb,14
2XNJNwSOq8tLWhQ5a9sGBb,117
6m1mPWWQTiOp2Daf024oCW,117
6m1mPWWQTiOp2Daf024oCW,119
6m1mPWWQTiOp2Daf024oCW,120
1nXWhLumXogqFeijfa1uJd,117
1nXWhLumXogqFeijfa1uJd,119
1nXWhLumXogqFeijfa1uJd,120
79m5k9e7NbFJAEPBk8fgKF,3
5Sq61mGiOGW0GxgnFNR1MF,107
5Sq61mGiOGW0GxgnFNR1MF,8
5Sq61mGiOGW0GxgnFNR1MF,121
2xlcFmrwMEOzhRFQtUG2cG,107
2xlcFmrwMEOzhRFQtUG2cG,8
3MLYBOqvTV99vZxWhigfFH,8
3MLYBOqvTV99vZxWhigfFH,15
2sYOb2xxsuUPLCh6Cmmg30,107
27glwe4vWGNcf62jSo9AHO,107
61e6C5cn45yJLHlKdTZByy,15
49c3mHgaXxXKnYgNojzo1O,8
49c3mHgaXxXKnYgNojzo1O,122
49c3mHgaXxXKnYgNojzo1O,123
5v4OkFH0TJ6W1hCFxyn0px,124
5v4OkFH0TJ6W1hCFxyn0px,80
5v4OkFH0TJ6W1hCFxyn0px,107
5lVZiDONIcGowIOetTZ4ps,125
5lVZiDONIcGowIOetTZ4ps,126
5lVZiDONIcGowIOetTZ4ps,127
75ELnvpSiymLZVmYvqyvZJ,107
75ELnvpSiymLZVmYvqyvZJ,8
75ELnvpSiymLZVmYvqyvZJ,61
6C6aknFp2XtjIq7xuvyfuY,122
6C6aknFp2XtjIq7xuvyfuY,123
6C6aknFp2XtjIq7xuvyfuY,128
1mgvj05QVQdO7dPgHTooXF,107
0DZr4tVoYT3rUJzm9w15Lg,122
0DZr4tVoYT3rUJzm9w15Lg,123
0DZr4tVoYT3rUJzm9w15Lg,129
0iVSLUaLzYPi1vDFTkjZhb,122
0iVSLUaLzYPi1vDFTkjZhb,123
0iVSLUaLzYPi1vDFTkjZhb,130
1OAkkP5JGtwDZbsE6dg988,8
1Pv3rDsjRl98xEQC56p8A0,8
1Pv3rDsjRl98xEQC56p8A0,61
1Pv3rDsjRl98xEQC56p8A0,15
2Lq0em0DLPkGmgs48Rt39b,122
2Lq0em0DLPkGmgs48Rt39b,123
0dxPHMZTI8TWMYRucsAFNd,5
0dxPHMZTI8TWMYRucsAFNd,2
0dxPHMZTI8TWMYRucsAFNd,131
4uCfGqrF2OHcav71k0bk9D,2
4uCfGqrF2OHcav71k0bk9D,5
4uCfGqrF2OHcav71k0bk9D,131
28TReO2Mxk9Q3GA4K98YSz,2
28TReO2Mxk9Q3GA4K98YSz,5
28TReO2Mxk9Q3GA4K98YSz,131
6oO7WMjD6kEvCITLbVj0mu,2
6oO7WMjD6kEvCITLbVj0mu,5
6oO7WMjD6kEvCITLbVj0mu,8
0ELxqqeeisigIJhN6dsNHI,2
0ELxqqeeisigIJhN6dsNHI,5
0ELxqqeeisigIJhN6dsNHI,131
11WZXXvGyrtUBp15TtojxA,2
11WZXXvGyrtUBp15TtojxA,5
11WZXXvGyrtUBp15TtojxA,8
0dgCqrI14Oe3nqGLS3qbzJ,2
0dgCqrI14Oe3nqGLS3qbzJ,5
0dgCqrI14Oe3nqGLS3qbzJ,8
4mj2UMyJTBTaO7pffAK29j,2
4mj2UMyJTBTaO7pffAK29j,5
4mj2UMyJTBTaO7pffAK29j,8
5uMTA9SIe0sE4dnHHSHaYz,2
5uMTA9SIe0sE4dnHHSHaYz,5
5uMTA9SIe0sE4dnHHSHaYz,131
3bcOxfqIiXj41AdUHfHfgj,2
3bcOxfqIiXj41AdUHfHfgj,5
3bcOxfqIiXj41AdUHfHfgj,8
1VNWaY3uNfoeWqb5U8x2QX,8
1VNWaY3uNfoeWqb5U8x2QX,5
1VNWaY3uNfoeWqb5U8x2QX,2
1ez4uWPnJwYufNhYTLVsJr,2
1ez4uWPnJwYufNhYTLVsJr,5
1ez4uWPnJwYufNhYTLVsJr,8
6f1HJMVJ1CgUeCIM6r795H,2
6f1HJMVJ1CgUeCIM6r795H,5
6f1HJMVJ1CgUeCIM6r795H,8
0EYOdF5FCkgOJJla8DI2Md,2
0EYOdF5FCkgOJJla8DI2Md,5
0EYOdF5FCkgOJJla8DI2Md,8
577mOFb1LAvSANIUZ4mbQ7,2
577mOFb1LAvSANIUZ4mbQ7,5
577mOFb1LAvSANIUZ4mbQ7,8
47EqCQZG5v4o0WFMufGf5S,2
47EqCQZG5v4o0WFMufGf5S,5
47EqCQZG5v4o0WFMufGf5S,8
41pOIT2t1rvr2Trg1HQChZ,2
41pOIT2t1rvr2Trg1HQChZ,5
41pOIT2t1rvr2Trg1HQChZ,8
0DVHR5FQ0Gp2dsZJz7hfdy,2
0DVHR5FQ0Gp2dsZJz7hfdy,5
0DVHR5FQ0Gp2dsZJz7hfdy,8
249Z7XT6mf8B2zuI0RaeS0,2
249Z7XT6mf8B2zuI0RaeS0,5
249Z7XT6mf8B2zuI0RaeS0,8
6y2DHyCYf6azhUfXmnuH6w,2
6y2DHyCYf6azhUfXmnuH6w,5
6y2DHyCYf6azhUfXmnuH6w,8
1wGRSG94dLt8fIZWhR3rGG,2
1wGRSG94dLt8fIZWhR3rGG,5
1wGRSG94dLt8fIZWhR3rGG,131
6iFVJGxSVdFkzYQJL7Rgdk,2
6iFVJGxSVdFkzYQJL7Rgdk,5
6iFVJGxSVdFkzYQJL7Rgdk,8
0GrHWVTDsaWcD4nrCGr7VE,2
0GrHWVTDsaWcD4nrCGr7VE,5
0GrHWVTDsaWcD4nrCGr7VE,8
11i33j50Gsr90pRoDJBrEA,2
11i33j50Gsr90pRoDJBrEA,5
11i33j50Gsr90pRoDJBrEA,8
0Xmbtw7NhNiDnL4BWy5wDh,2
0Xmbtw7NhNiDnL4BWy5wDh,5
0Xmbtw7NhNiDnL4BWy5wDh,131
4dJMoLxnO93Ys7SqZNIxlg,2
4dJMoLxnO93Ys7SqZNIxlg,5
4dJMoLxnO93Ys7SqZNIxlg,8
5en63QU81VfRQIsoqBcfde,2
5en63QU81VfRQIsoqBcfde,5
5en63QU81VfRQIsoqBcfde,8
0ognkBvJqaov2gWDgaMzvz,2
0ognkBvJqaov2gWDgaMzvz,5
0ognkBvJqaov2gWDgaMzvz,131
7gZX4vZqjJJWsdosIB0h6P,2
7gZX4vZqjJJWsdosIB0h6P,5
7gZX4vZqjJJWsdosIB0h6P,27
4TYI2YExAWaIOpGP4y7AbI,2
4TYI2YExAWaIOpGP4y7AbI,5
4TYI2YExAWaIOpGP4y7AbI,131
3RgDvs9Jpvn3kUuaTek1R5,2
3RgDvs9Jpvn3kUuaTek1R5,5
3RgDvs9Jpvn3kUuaTek1R5,131
2TyFfQ1OuubEwfxFvapfzC,2
2TyFfQ1OuubEwfxFvapfzC,5
2TyFfQ1OuubEwfxFvapfzC,131
3A5E8GUX5bdPGxxJP1IrYx,2
3A5E8GUX5bdPGxxJP1IrYx,5
3A5E8GUX5bdPGxxJP1IrYx,131
4TRPgtjVmqg7EAWZe1T94E,2
4TRPgtjVmqg7EAWZe1T94E,5
4TRPgtjVmqg7EAWZe1T94E,131
5hjKYe3NOmWx2NVzVAeIGF,5
5hjKYe3NOmWx2NVzVAeIGF,2
5hjKYe3NOmWx2NVzVAeIGF,131
2HVCLZ6dMDelXhloO5sAjV,2
2HVCLZ6dMDelXhloO5sAjV,5
2HVCLZ6dMDelXhloO5sAjV,131
6l17lK6a9LFqhOfh770wWg,2
6l17lK6a9LFqhOfh770wWg,5
6l17lK6a9LFqhOfh770wWg,131
4sM7v7wyRAuV6ZTO2dvnCA,2
4sM7v7wyRAuV6ZTO2dvnCA,5
4sM7v7wyRAuV6ZTO2dvnCA,8
4YtuhhgpKwckVZNGzjpxBh,2
4YtuhhgpKwckVZNGzjpxBh,5
4YtuhhgpKwckVZNGzjpxBh,8
2UYK6Xdo2519MY0o2NtA3n,8
2UYK6Xdo2519MY0o2NtA3n,12
2UYK6Xdo2519MY0o2NtA3n,132
7d5r4PMJPqjopdAXx2rgbL,68
2JHgxhTMSt8zd1qewKvNaF,68
6fVMi0YviZpgaWdv8NKxu3,68
48kUVYtxMPCgAuKQEdjjv3,68
3bkobLllL6xTQGXEObVtzB,68
2FrSEN6oWjmtv3u1B32IOH,133
2FrSEN6oWjmtv3u1B32IOH,69
558sFNXvHZWWOzbsDaeak2,69
6elo71dBBKbGFIRG7afV5j,69
4W01mWRcPENGoy8SIxaSbg,1
4W01mWRcPENGoy8SIxaSbg,18
4W01mWRcPENGoy8SIxaSbg,134
1Pb82bodhVVLOardymYRmS,93
1Pb82bodhVVLOardymYRmS,2
1Pb82bodhVVLOardymYRmS,135
0saMyp91ojsNNBxH93DORH,5
0saMyp91ojsNNBxH93DORH,8
0saMyp91ojsNNBxH93DORH,12
793uy0hxQXuVRITDAZZbE0,5
793uy0hxQXuVRITDAZZbE0,9
793uy0hxQXuVRITDAZZbE0,8
1hOWOMx8klimFTevSb4TcW,135
1hOWOMx8klimFTevSb4TcW,5
1hOWOMx8klimFTevSb4TcW,2
7sI2WC33xfq3Cw9C6e22pg,136
7sI2WC33xfq3Cw9C6e22pg,27
7sI2WC33xfq3Cw9C6e22pg,12
0bFqnXTPcjoHsZKlSIK8Pa,5
0bFqnXTPcjoHsZKlSIK8Pa,8
0bFqnXTPcjoHsZKlSIK8Pa,12
2JAHQG59lkoHZtEHyplRqo,137
2JAHQG59lkoHZtEHyplRqo,8
2JAHQG59lkoHZtEHyplRqo,12
6LdD65r6YYeYreVOn0OZ0O,135
6LdD65r6YYeYreVOn0OZ0O,22
6LdD65r6YYeYreVOn0OZ0O,5
46S9O5ZHCLQdHy2WRJDkJj,18
46S9O5ZHCLQdHy2WRJDkJj,78
46S9O5ZHCLQdHy2WRJDkJj,13
0kKX8rBcyMxSpZRFQYon8d,5
0kKX8rBcyMxSpZRFQYon8d,8
0kKX8rBcyMxSpZRFQYon8d,12
1Hklr7RCxIV3gQxE1FxXeH,5
1Hklr7RCxIV3gQxE1FxXeH,8
1Hklr7RCxIV3gQxE1FxXeH,116
2ujFfnr1No4tWf4W3mSVbK,69
