id,name,album_id,duration_ms
7DChHeLd7jF26oGUHNSA8q,[ost] dreamseeker,1k7OXnGQPV4zF3seDwRroD,19277
24l3mfIPWVa645a9LEwSHx,YOUtopia,1k7OXnGQPV4zF3seDwRroD,242662
0hpWmAB3L0OJ3VBeMkOQUu,Kool-Aid,1k7OXnGQPV4zF3seDwRroD,228470
7g4hIeYVk3h5qQXb9RLeXP,Top 10 staTues tHat CriEd bloOd,1k7OXnGQPV4zF3seDwRroD,240590
6tVahG14lCjexVQnYWKgwF,liMOusIne (feat. AURORA),1k7OXnGQPV4zF3seDwRroD,251939
7mczLeiFeYKRb7vtiPjuMb,DArkSide,1k7OXnGQPV4zF3seDwRroD,165357
2tWhiQJQSTa5WE3eiByOf1,a bulleT w/ my namE On (feat. Underoath),1k7OXnGQPV4zF3seDwRroD,260625
6w3ZkuXFdme8JfFE4wixnc,[ost] (spi)ritual,1k7OXnGQPV4zF3seDwRroD,114210
0lKUFDN6EFpbg5bnUfkkrl,n/A,1k7OXnGQPV4zF3seDwRroD,200236
0Brlm0oPqzabpgIG1D1eU5,LosT,1k7OXnGQPV4zF3seDwRroD,205481
7ojQB63aoM7jk5JsF4CRkj,sTraNgeRs,1k7OXnGQPV4zF3seDwRroD,195829
2FpTKYNgIKLGpNYu7doupu,R.i.p. (duskCOre RemIx),1k7OXnGQPV4zF3seDwRroD,203773
1EQgXWPkU96b4tw3pJtTp1,AmEN! (feat. Lil Uzi Vert and Daryl Palumbo of Glassjaw),1k7OXnGQPV4zF3seDwRroD,189548
4F8dZKZnY8dhEtUbUzHiEt,[ost] p.u.s.s.-e,1k7OXnGQPV4zF3seDwRroD,169104
6hXCQgN8DsyqymS0MfERpM,DiE4u,1k7OXnGQPV4zF3seDwRroD,207114
3IAqmiQpJiezGvQAHE2DSk,DIg It,1k7OXnGQPV4zF3seDwRroD,432679
3DW6GVr7RVyfvo4NBRvZIZ,"Dear Diary,",0e1WaSNDZnoPixaxDNdWo4,164797
36xBFaVGjqm7le8CTHytUj,Parasite Eve,0e1WaSNDZnoPixaxDNdWo4,291812
3WATWS2Ywo5HeHtG0bE2iZ,Teardrops,0e1WaSNDZnoPixaxDNdWo4,215003
6MD6xpFK4cfquxRqXxqwjq,Obey (with YUNGBLUD),0e1WaSNDZnoPixaxDNdWo4,220538
2VJ8DjdaOC5G3deIAefhq3,Itch For The Cure (When Will We Be Free?),0e1WaSNDZnoPixaxDNdWo4,86242
7CAbF0By0Fpnbiu6Xn5ZF7,Kingslayer (feat. BABYMETAL),0e1WaSNDZnoPixaxDNdWo4,220041
6sIbv1oWOuma2qV907MUbk,1x1 (feat. Nova Twins),0e1WaSNDZnoPixaxDNdWo4,209598
4xWirulal0kGikFE3WSU75,Ludens,0e1WaSNDZnoPixaxDNdWo4,280151
20Kau1BL5IUaPo4l488D57,One Day The Only Butterflies Left Will Be In Your Chest As You March Towards Your Death (feat. Amy Lee),0e1WaSNDZnoPixaxDNdWo4,243140
5cJEr5SppnuMYcUmXhpY99,Overture - Live at the Royal Albert Hall,5dH7StOKoPnNEbWh86MwFz,164276
5IBDi9cISbefMMtAB8syp3,Doomed - Live at the Royal Albert Hall,5dH7StOKoPnNEbWh86MwFz,280250
0ChMOU9Q1J0kQVCiFYIBQR,Happy Song - Live at the Royal Albert Hall,5dH7StOKoPnNEbWh86MwFz,282506
69ovKtfOrt7zRkiOSSzGBO,"Go to Hell, for Heaven's Sake - Live at the Royal Albert Hall",5dH7StOKoPnNEbWh86MwFz,309320
21e5M6dfmPOmFLLPrkjUZ6,Avalanche - Live at the Royal Albert Hall,5dH7StOKoPnNEbWh86MwFz,329040
0dEFiIxRfXiisPp00kAQrE,It Never Ends - Live at the Royal Albert Hall,5dH7StOKoPnNEbWh86MwFz,367093
5OomSPKKwQqazfzzDZ7pa4,Sleepwalking - Live at the Royal Albert Hall,5dH7StOKoPnNEbWh86MwFz,296986
0gXL5tTUHw8BC7NGG4I7v9,Empire - Live at the Royal Albert Hall,5dH7StOKoPnNEbWh86MwFz,253760
1Hxe4J8HuTxDTOR0wwu0co,Throne - Live at the Royal Albert Hall,5dH7StOKoPnNEbWh86MwFz,243205
6FZFdnkWL4y3ALbU2gsOa7,Shadow Moses - Live at the Royal Albert Hall,5dH7StOKoPnNEbWh86MwFz,309764
7fbrcKKwjbnmjoqAo2Qq48,True Friends - Live at the Royal Albert Hall,5dH7StOKoPnNEbWh86MwFz,374626
1nlN3WIoV8GuIU1V1DdaFb,Follow You - Live at the Royal Albert Hall,5dH7StOKoPnNEbWh86MwFz,233520
28DcCxLamMqusGsWxXpwDf,Can You Feel My Heart - Live at the Royal Albert Hall,5dH7StOKoPnNEbWh86MwFz,360360
63VdGAHgsNW0uDrXzo7spb,Antivist - Live at the Royal Albert Hall,5dH7StOKoPnNEbWh86MwFz,271733
4XnSAIxLmqmJXX8uTEcatS,Drown - Live at the Royal Albert Hall,5dH7StOKoPnNEbWh86MwFz,429120
5Xtm0UubJiUYGEXVHtNiWv,Oh No - Live at the Royal Albert Hall,5dH7StOKoPnNEbWh86MwFz,505626
6RUS8FAqBfZYKmhCMIXNuN,C:\Projects\CJOST\BEATDEATH,4syhGzikXsrKqlOUA9s9ld,57783
2WtFbotxC95UD2r1RzE036,V.A.N,4syhGzikXsrKqlOUA9s9ld,274098
25qmm4JIi2JYsQBQ9Fm43B,THE DRAIN,4syhGzikXsrKqlOUA9s9ld,225701
2lWF9ufR8vOOXUwDslbKkQ,TERMS & CONDITIONS,4syhGzikXsrKqlOUA9s9ld,127601
1mt96PNdA3hhC0Xk0tRJUy,HEDONIST [RECHARGED],4syhGzikXsrKqlOUA9s9ld,203647
3uPeVmESTdC6w3yoyXY7yo,EVEN,4syhGzikXsrKqlOUA9s9ld,178235
7LJFuXmxerH3wabWaTe7OB,LOADING SCREEN,4syhGzikXsrKqlOUA9s9ld,113162
7I50EtrBjzjZmHwLj7BeFl,ANYTHING > HUMAN,4syhGzikXsrKqlOUA9s9ld,235092
4N4UF7jnszjhl34qQkGYTV,DIGITAL FOOTPRINT,4syhGzikXsrKqlOUA9s9ld,286031
1XwE6abXTCVCoG3Go3DteI,NERVOUS SYSTEM,4syhGzikXsrKqlOUA9s9ld,200610
4c7dm8ayGmJFeg7kR041Bk,C:\Projects\CJOST\FINDPEACE,4syhGzikXsrKqlOUA9s9ld,57783
3pfWGKmauTxIHmjXrXSWjt,ARTIFICIAL SUICIDE [UNZIPPED],4syhGzikXsrKqlOUA9s9ld,112973
4I2qpvz7DOIXOE7BOxu9yd,THE GREY [UNZIPPED],4syhGzikXsrKqlOUA9s9ld,189435
28vHnpglzN1Mkihqrjx4n4,THE DEATH OF PEACE OF MIND [WE ARE FURY PATCH],4syhGzikXsrKqlOUA9s9ld,154050
1onYhXhknKdbRGkw7BSS7e,THE DEATH OF PEACE OF MIND [SO WYLIE PATCH],4syhGzikXsrKqlOUA9s9ld,165274
3bPKzdQutpbn4gZbQrookO,BAD DECISIONS [LOFI],4syhGzikXsrKqlOUA9s9ld,245379
4Pt0FnGP3ZGyW01xngwtT3,JUST PRETEND [CREDITS],4syhGzikXsrKqlOUA9s9ld,239139
2q87g4OgcZV4Alx0a9od5w,C:\Projects\CJOST\CLEARMIND,4syhGzikXsrKqlOUA9s9ld,57783
3LQhnyMGj0V2IqLi023zne,ARTIFICIAL SUICIDE [LIVE 2024],4syhGzikXsrKqlOUA9s9ld,255870
11rbLzecq6FSgwGSUF8tHA,LIKE A VILLAIN [LIVE 2024],4syhGzikXsrKqlOUA9s9ld,250000
5YDhYDHRzyA3BEtGvIIHCl,THE GREY [LIVE 2024],4syhGzikXsrKqlOUA9s9ld,269800
0USlWw4Kuus0PDoQoVcJEW,WHAT DO YOU WANT FROM ME? [LIVE 2024],4syhGzikXsrKqlOUA9s9ld,224874
1JpdIksol4oBQebsHRwJ9v,NOWHERE TO GO [LIVE 2024],4syhGzikXsrKqlOUA9s9ld,294000
5N7hxXye8OQSX7EdyLfaEk,V.A.N [LIVE 2024],4syhGzikXsrKqlOUA9s9ld,218752
66R9QynlVxaQeZvmBafiOS,THE DEATH OF PEACE OF MIND [LIVE 2024],4syhGzikXsrKqlOUA9s9ld,294656
76QfD8h05n9L3sldwIVaqD,JUST PRETEND [LIVE 2024],4syhGzikXsrKqlOUA9s9ld,587633
6yCysJaY0lFqHnrHvaR4pF,CONCRETE JUNGLE,3p7m1Pmg6n3BlpL9Py7IUA,220495
4TzGD5Pryq8DTjv5QRuJaW,Nowhere To Go,3p7m1Pmg6n3BlpL9Py7IUA,246774
6ERSCeGFBSwvHCvBjwrmwE,Take Me First,3p7m1Pmg6n3BlpL9Py7IUA,199685
6tRneEcItwpSxBtqgem5Dr,THE DEATH OF PEACE OF MIND,3p7m1Pmg6n3BlpL9Py7IUA,241499
0XL8gRZn7tUoYgq9nLZhjU,What It Cost,3p7m1Pmg6n3BlpL9Py7IUA,103744
0xoyUiHhxVH4gwb0CRgNmg,Like A Villain,3p7m1Pmg6n3BlpL9Py7IUA,210685
6nbLpQF1os2DiEW8PDSK1e,bad decisions,3p7m1Pmg6n3BlpL9Py7IUA,261346
1H4Y9uW4N0LsxJUz0VnaPJ,Just Pretend,3p7m1Pmg6n3BlpL9Py7IUA,204676
5oZy9b1lMtREB3cqOPQusD,The Grey,3p7m1Pmg6n3BlpL9Py7IUA,246336
1Gr0kbo4cgxYmhJa2lZX1a,Who are you?,3p7m1Pmg6n3BlpL9Py7IUA,217349
6FghSTlzBr93mtoBzxvz0A,Somebody else.,3p7m1Pmg6n3BlpL9Py7IUA,236730
0GRvh5JoEwVel4qDsbqmNb,IDWT$,3p7m1Pmg6n3BlpL9Py7IUA,202952
5vf08i7oQHGPKFAkSxJBcv,What do you want from me?,3p7m1Pmg6n3BlpL9Py7IUA,175845
2Qv8xJzenocwXyGlMU5PaC,ARTIFICIAL SUICIDE,3p7m1Pmg6n3BlpL9Py7IUA,195000
6zmpNKzUeuldTRYbVZwnrq,Miracle,3p7m1Pmg6n3BlpL9Py7IUA,225000
6AuRBPguXl9cU2C1cy681j,Glass Houses - Live,7c8yPdeBkBlcajNDiZpAEw,253565
58iQlJBDQ7Uk53MrNnOtjm,The Worst In Me - Live,7c8yPdeBkBlcajNDiZpAEw,262941
5c8OaghOJko2QdoBfmglum,Never Know - Live,7c8yPdeBkBlcajNDiZpAEw,211578
7fpGDC0es4izVCe18JZIbj,Careful What You Wish For - Live,7c8yPdeBkBlcajNDiZpAEw,337576
0z7RgWO4AX0p5rXbj108ii,Limits - Live,7c8yPdeBkBlcajNDiZpAEw,240291
5mMGStJz95K7ksdVE84u1c,Dethrone - Live,7c8yPdeBkBlcajNDiZpAEw,238400
73FNthk3O6gkvWjUR0z9le,Mercy - Live,7c8yPdeBkBlcajNDiZpAEw,352588
1PcANFoqnDsexSHXpWrn8Q,Adderall,3hWTXO0w02D6YpVRyLRmQz,340400
6rsoBvxrlxdmqJyGPPciyq,The Dying Song (Time To Sing),3hWTXO0w02D6YpVRyLRmQz,203586
5jeh4hwbQJnnAJHZV9fqeo,The Chapeltown Rag,3hWTXO0w02D6YpVRyLRmQz,289226
5ih5d9WJSI7Hxz0KIPJPY2,Yen,3hWTXO0w02D6YpVRyLRmQz,283786
60knpe02nSLudHQYX2FZBI,Hive Mind,3hWTXO0w02D6YpVRyLRmQz,315906
6AUfiRcpnffzH1KhI121f1,Warranty,3hWTXO0w02D6YpVRyLRmQz,231146
0qFBuG34m8V4LMgYUMYPV7,Medicine for the Dead,3hWTXO0w02D6YpVRyLRmQz,376226
297TiFDfq3OyRYQyMk5OdA,Acidic,3hWTXO0w02D6YpVRyLRmQz,290946
7d0XwaQbPLT8tPX81uRYMv,Heirloom,3hWTXO0w02D6YpVRyLRmQz,211320
38YxfCfUuQJU4r4pe3jeYb,H377,3hWTXO0w02D6YpVRyLRmQz,263093
3b3boZLiT0Q5aruT45oITP,De Sade,3hWTXO0w02D6YpVRyLRmQz,339840
6hqys5tmolP7EU6ZNP981s,Finale,3hWTXO0w02D6YpVRyLRmQz,307040
5Oca13ac6cZ0hwZAs1SXse,Insert Coin,754RY5WpZ2LTUZsk8kDBju,98746
5mpUKTdskZea0gStWzeHUZ,Unsainted,754RY5WpZ2LTUZsk8kDBju,260773
7I6p0xNYahHpUUXj785URX,Birth Of The Cruel,754RY5WpZ2LTUZsk8kDBju,275839
2YkDmUfSC7bZpH3DHvvuxh,Death Because of Death,754RY5WpZ2LTUZsk8kDBju,80625
56fiFTRrSiHHH3gBeaTg2P,Nero Forte,754RY5WpZ2LTUZsk8kDBju,315177
3XFaGEb6daqdj39ThpJ2XI,Critical Darling,754RY5WpZ2LTUZsk8kDBju,385818
4wOgNWU6Y6mixNZcimJqDv,A Liar's Funeral,754RY5WpZ2LTUZsk8kDBju,327392
4SsgF844NGbl7UFcymqWKy,Red Flag,754RY5WpZ2LTUZsk8kDBju,251697
5Alg8C9HBdmTqzo6n3Itvn,What's Next,754RY5WpZ2LTUZsk8kDBju,53796
3ViTZxW9satrTEMRu1GCLV,Spiders,754RY5WpZ2LTUZsk8kDBju,243773
0ipTpoDQ06S5iI4RRQFQjx,Orphan,754RY5WpZ2LTUZsk8kDBju,361573
1ZGOCNA6FyUWENWHYhjEzl,My Pain,754RY5WpZ2LTUZsk8kDBju,408240
06AojtTNdRQ1fB80VbB1g2,Not Long for This World,754RY5WpZ2LTUZsk8kDBju,395681
6WCkyaVmut83CtBFEUhDo4,Solway Firth,754RY5WpZ2LTUZsk8kDBju,355540
6t2zHC93kIhEX5ivNUP6j0,Sarcastrophe - Live,09pLzub9F2asXde8dH2UDN,290746
6Upa5dLGQxULfwSCsKfepQ,The Heretic Anthem - Live,09pLzub9F2asXde8dH2UDN,237680
4rV0sUc2H8N88d1poViBf2,Psychosocial - Live,09pLzub9F2asXde8dH2UDN,276093
6HHR6to1sWBUmNIcXe1lJ6,The Devil In I - Live,09pLzub9F2asXde8dH2UDN,384226
2moo5RtZ9JsTwdpQPqDX1W,Me Inside - Live,09pLzub9F2asXde8dH2UDN,188720
60FHQyrboSoOgT1si8eWew,Vermilion - Live,09pLzub9F2asXde8dH2UDN,322306
4H8sWlzBB0pnCgEG68VPph,Wait And Bleed - Live,09pLzub9F2asXde8dH2UDN,164680
3jto09NvNXh362ATmsIYmN,Prosthetics - Live,09pLzub9F2asXde8dH2UDN,373973
2st09UwpuTJplbZo74btnx,Before I Forget - Live,09pLzub9F2asXde8dH2UDN,266786
0eWsCdJ8ZFFxDrBztAwKzZ,Eeyore - Live,09pLzub9F2asXde8dH2UDN,186066
4b224oNVsda1doe1CQAwou,Duality - Live,09pLzub9F2asXde8dH2UDN,254026
56oMr7G3BL7ej9yyNs5dAt,Custer - Live,09pLzub9F2asXde8dH2UDN,277000
0b14oEkb9QYaqKMcC1Mdjc,Spit It Out - Live,09pLzub9F2asXde8dH2UDN,411933
2NBOlRGX3HQQuHoTrmhxUh,Metabolic / 742617000027 - Live,09pLzub9F2asXde8dH2UDN,285080
5NlPCCjdKOKRWMpHAh5gUy,(Sic) - Live,09pLzub9F2asXde8dH2UDN,251200
1y2OtZRDvum1h13RpZakHp,People = Shit - Live,09pLzub9F2asXde8dH2UDN,320746
23o9F2gg3MQuWttnpjVBbn,Surfacing - Live,09pLzub9F2asXde8dH2UDN,303600
3x47sfGF8WvGJsvPlG5xww,have you had enough?,0YIOpXQvcbiDNPusSqi5Ew,218282
2PcaKowfrJ2FDoBP5uxHaU,the cost of giving up,0YIOpXQvcbiDNPusSqi5Ew,197849
3M6DFZjmUoRdyouqsiDQE0,they’re all around us,0YIOpXQvcbiDNPusSqi5Ew,204540
42CLGiuepFnuOgJrO5y4ZY,yesterday,0YIOpXQvcbiDNPusSqi5Ew,47660
1qpgbyeSW2BPPuc3dSZ0QQ,crystallized,0YIOpXQvcbiDNPusSqi5Ew,186942
4S92Ilu72gVBD66kwsRWOc,vital,0YIOpXQvcbiDNPusSqi5Ew,200032
4IW3nptOEnusLgiYMu9TlV,push go,0YIOpXQvcbiDNPusSqi5Ew,212586
4glCMJ7ZgD8gLe8jyn7rZE,nothing,0YIOpXQvcbiDNPusSqi5Ew,184290
5PZZ3G5djpINln9xcMxcmB,the center’s falling out,0YIOpXQvcbiDNPusSqi5Ew,145032
01vXusfX8MAdrBmKqMwhOB,hey there,0YIOpXQvcbiDNPusSqi5Ew,88988
3SowkNXvDoTa2qhqmYB3SZ,negative spaces,0YIOpXQvcbiDNPusSqi5Ew,175240
419enH9cwpECglYs5FyCF0,surviving on defiance,0YIOpXQvcbiDNPusSqi5Ew,208044
78GAQZUGa11v6f8ozhGqbM,new way out,0YIOpXQvcbiDNPusSqi5Ew,202909
2JNS9uF8weY6bnixlyRvVZ,tomorrow,0YIOpXQvcbiDNPusSqi5Ew,51611
17qMVwZFqI9imMZgRl4EEH,halo,0YIOpXQvcbiDNPusSqi5Ew,221316
4V40V5u9oVRgRRLElF4IHS,Church Outfit,3J353DwtMfUV3V6t9vRPCk,114351
7FuQkitKqCDWGSuj7XjquY,Knockoff,3J353DwtMfUV3V6t9vRPCk,184518
1gaGSdNSAWyxdMYdRcM9T5,Hard,3J353DwtMfUV3V6t9vRPCk,146364
4vugQ61VEjOo9yLetBxgXp,What It Becomes,3J353DwtMfUV3V6t9vRPCk,218450
62qh2PZXOVhnI1HaOLqa5h,Flicker,3J353DwtMfUV3V6t9vRPCk,142202
5AG9Y793rwAJPpUYIBCSei,1s + 0s,3J353DwtMfUV3V6t9vRPCk,196197
58SM6Pb7Bi9WY7SO83bjQx,Zig,3J353DwtMfUV3V6t9vRPCk,148751
490uJJNTGDxH3z7x7qdSuD,Linger,3J353DwtMfUV3V6t9vRPCk,196226
6rGZbWpqhCkxZ7Nk3pDXLq,The Attic,3J353DwtMfUV3V6t9vRPCk,204959
0t4lttdheK2G3PRmgwp6j0,Motorbike,3J353DwtMfUV3V6t9vRPCk,146762
66nxTjP7UA3Z0Ac4g5ucOY,Prove It,3J353DwtMfUV3V6t9vRPCk,135317
39limMlZ5B25XM1FhNqa02,Flux,2rnbGp9o1lJ0T77RBU1bCC,300647
3FN6pMhXTWut9Syvx8oDO6,Lessen The Damage,2rnbGp9o1lJ0T77RBU1bCC,141947
4FF4oGa9RZP5pxSvqLG1Ta,So Mean,2rnbGp9o1lJ0T77RBU1bCC,176924
3Ym0iDh6S2uKMRuKGRoRwK,On The Level,2rnbGp9o1lJ0T77RBU1bCC,205490
5uYvts9fz8ijHbocCGSDWC,Hysteria,2rnbGp9o1lJ0T77RBU1bCC,260954
4hcxkA5rIL9oNLcEMRBsmV,Her,2rnbGp9o1lJ0T77RBU1bCC,128983
1h1R6w7C5PTYO5spKVvgJm,Bloom,2rnbGp9o1lJ0T77RBU1bCC,230188
2w9p1jJFcNTZciQZsU9UmD,As Strange As It Seems,2rnbGp9o1lJ0T77RBU1bCC,245283
1w8rYYRLwJ1k4tJQhk1eBG,Never Find My Place,2rnbGp9o1lJ0T77RBU1bCC,240995
4PvgxcCZxATeWt4vAZOISo,Serve The Servants - 2023 Remaster,68uIz7DtgDoPUFTKxdzL9t,215115
2nBW0vuSbiSGRpTm4SMc3Y,Scentless Apprentice - 2023 Remaster,68uIz7DtgDoPUFTKxdzL9t,227584
2LKAB4VBxok5XPD4JVvyNX,Heart-Shaped Box - 2023 Remaster,68uIz7DtgDoPUFTKxdzL9t,280533
6LUVnYAspgzDQLWKhV1N7l,Rape Me - 2023 Remaster,68uIz7DtgDoPUFTKxdzL9t,169584
2w0tLhhthDCLxu2VHi2cqQ,Frances Farmer Will Have Her Revenge On Seattle - 2023 Remaster,68uIz7DtgDoPUFTKxdzL9t,249580
41GZsHDaQs5xsfxD156swD,Dumb - 2023 Remaster,68uIz7DtgDoPUFTKxdzL9t,151457
5Yludhd9Q6nHd4j9vUJ7I6,Very Ape - 2023 Remaster,68uIz7DtgDoPUFTKxdzL9t,115580
2kcdPyiExkzqac5hbiINw8,Milk It - 2023 Remaster,68uIz7DtgDoPUFTKxdzL9t,234484
0kHPbQ9gbKAmH2ZDcyuLhf,Pennyroyal Tea - 2023 Remaster,68uIz7DtgDoPUFTKxdzL9t,218078
5izemlhrMj5VtWRrQASlqK,Radio Friendly Unit Shifter - 2023 Remaster,68uIz7DtgDoPUFTKxdzL9t,290966
3eLuMfALkc1X3S9DADczj9,tourette's - 2023 Remaster,68uIz7DtgDoPUFTKxdzL9t,95113
43xbM9A8MJAdA2RekfqtCZ,All Apologies - 2023 Remaster,68uIz7DtgDoPUFTKxdzL9t,231255
758alOyAbtN7Z6ruoFeAsD,Gallons Of Rubbing Alcohol Flow Through The Strip - 2023 Remaster,68uIz7DtgDoPUFTKxdzL9t,453300
61kR1LRtKHu6ZB0JFsQ0iK,Marigold - 2023 Remaster,68uIz7DtgDoPUFTKxdzL9t,153348
75QFBZqwDVlVE1MdYe0iOz,Sappy - 2023 Remaster,68uIz7DtgDoPUFTKxdzL9t,204638
4TdMextarlmeWqvdrwZcFL,Moist Vagina - 2023 Remaster,68uIz7DtgDoPUFTKxdzL9t,214259
1IeoxJgOEBEVXsptVBbYpy,I Hate Myself And Want To Die - 2023 Remaster,68uIz7DtgDoPUFTKxdzL9t,168737
1Eeja3t40v7LXqnAbrHGly,"Radio Friendly Unit Shifter - Live In Los Angeles, Great Western Forum - December 30, 1993",68uIz7DtgDoPUFTKxdzL9t,326000
4GxBX7IlPxS7Xna4tNvzN0,"Drain You - Live In Los Angeles, Great Western Forum - December 30, 1993",68uIz7DtgDoPUFTKxdzL9t,244000
3iaoQ5mZidTHAkWL4Br5yr,"Breed - Live In Los Angeles, Great Western Forum - December 30, 1993",68uIz7DtgDoPUFTKxdzL9t,194000
2dQEk9qrDrdBCvtiLnersQ,"Serve The Servants - Live In Los Angeles, Great Western Forum - December 30, 1993",68uIz7DtgDoPUFTKxdzL9t,199000
3quLpIQcZ8uZr2XgZOQLTJ,"Come As You Are - Live In Los Angeles, Great Western Forum - December 30, 1993",68uIz7DtgDoPUFTKxdzL9t,212000
7ou970XwpvgsC3LOD6E43t,"Smells Like Teen Spirit - Live In Los Angeles, Great Western Forum - December 30, 1993",68uIz7DtgDoPUFTKxdzL9t,293447
4ivIqnQVGVL9LyZmYc481X,"Sliver - Live In Los Angeles, Great Western Forum - December 30, 1993",68uIz7DtgDoPUFTKxdzL9t,143552
3qOlCYUsnZZGJ62gWIlRJq,"Dumb - Live In Los Angeles, Great Western Forum - December 30, 1993",68uIz7DtgDoPUFTKxdzL9t,175958
7MoJGQctpLCBunI7zC6XOV,"In Bloom - Live In Los Angeles, Great Western Forum - December 30, 1993",68uIz7DtgDoPUFTKxdzL9t,259717
5FqGjHRvgJJFSJyK6Zow2Y,"About A Girl - Live In Los Angeles, Great Western Forum - December 30, 1993",68uIz7DtgDoPUFTKxdzL9t,190323
0Xrifzg5XigSnL8K5U0pmZ,"Lithium - Live In Los Angeles, Great Western Forum - December 30, 1993",68uIz7DtgDoPUFTKxdzL9t,256634
4RA9MJqdfMglFy2MjVMsOT,"Pennyroyal Tea - Live In Los Angeles, Great Western Forum - December 30, 1993",68uIz7DtgDoPUFTKxdzL9t,238365
2JpalUievoVEirrkLYQB3L,"School - Live In Los Angeles, Great Western Forum - December 30, 1993",68uIz7DtgDoPUFTKxdzL9t,186000
5yTR35LSBm315W0nNsarpA,"Polly - Live In Los Angeles, Great Western Forum - December 30, 1993",68uIz7DtgDoPUFTKxdzL9t,214000
1KxYekYpnaLDTMtqOv1xqx,"Frances Farmer Will Have Her Revenge On Seattle - Live In Los Angeles, Great Western Forum - December 30, 1993",68uIz7DtgDoPUFTKxdzL9t,247000
5AjT8gw5yBWh1GdPYxgyWr,"Rape Me - Live In Los Angeles, Great Western Forum - December 30, 1993",68uIz7DtgDoPUFTKxdzL9t,155000
4EmiJdF3NqEzjKxTieTzMh,"Territorial Pissings - Live In Los Angeles, Great Western Forum - December 30, 1993",68uIz7DtgDoPUFTKxdzL9t,165776
7hI83wocm4cKbyTpwpeekO,"Jesus Doesn't Want Me For A Sunbeam - Live In Los Angeles, Great Western Forum - December 30, 1993",68uIz7DtgDoPUFTKxdzL9t,280223
28Gbsqur11G4ixcOrk2lE6,"The Man Who Sold The World - Live In Los Angeles, Great Western Forum - December 30, 1993",68uIz7DtgDoPUFTKxdzL9t,299000
4HMxYCvGTylTUPm5wkgVip,"All Apologies - Live In Los Angeles, Great Western Forum - December 30, 1993",68uIz7DtgDoPUFTKxdzL9t,222000
3Ik0wIMIv7YavyI9bEilKx,"On A Plain - Live In Los Angeles, Great Western Forum - December 30, 1993",68uIz7DtgDoPUFTKxdzL9t,199205
6XwJlZzaq2Blg6P2xWbSTB,"Heart-Shaped Box - Live In Los Angeles, Great Western Forum - December 30, 1993",68uIz7DtgDoPUFTKxdzL9t,337794
33jE1Jovlt4yCoF4c16Sgd,"Blew - Live In Los Angeles, Great Western Forum - December 30, 1993",68uIz7DtgDoPUFTKxdzL9t,199000
23C2stwtZiwXB0bbtPLnFe,"Feedback Jam - Live In Los Angeles, Great Western Forum - December 30, 1993",68uIz7DtgDoPUFTKxdzL9t,381822
7CRaAYaZiW55oVmCy8V1pb,"Radio Friendly Unit Shifter - Live In Seattle, Seattle Center Arena - January 7, 1994",68uIz7DtgDoPUFTKxdzL9t,238201
7nEs6EciZWlx93BMQIg2t2,"Drain You - Live In Seattle, Seattle Center Arena - January 7, 1994",68uIz7DtgDoPUFTKxdzL9t,224436
0E0rWNlr0J0NMPGDKdZDB6,"Breed - Live In Seattle, Seattle Center Arena - January 7, 1994",68uIz7DtgDoPUFTKxdzL9t,185361
4ZNolrSHKp7tYkUL0N35D6,"Serve The Servants - Live In Seattle, Seattle Center Arena - January 7, 1994",68uIz7DtgDoPUFTKxdzL9t,203203
2ZlUg3wWRpAktQt7ishm61,"Come As You Are - Live In Seattle, Seattle Center Arena - January 7, 1994",68uIz7DtgDoPUFTKxdzL9t,213283
18TbJcJtmesw5qeoHpqIiy,"Smells Like Teen Spirit - Live In Seattle, Seattle Center Arena - January 7, 1994",68uIz7DtgDoPUFTKxdzL9t,279896
3Ydgdpeawaq5oQAoETvf9N,"Sliver - Live In Seattle, Seattle Center Arena - January 7, 1994",68uIz7DtgDoPUFTKxdzL9t,146385
0CULJ4nWC9S8VHcQ8D1kZI,"Dumb - Live In Seattle, Seattle Center Arena - January 7, 1994",68uIz7DtgDoPUFTKxdzL9t,164082
6zmhtIqaybcYN8DeY6gob3,"In Bloom - Live In Seattle, Seattle Center Arena - January 7, 1994",68uIz7DtgDoPUFTKxdzL9t,258148
4TMhakloPMPS84lNHNTSa3,Smells Like Teen Spirit - Remastered 2021,5eA0qtE7Yu29XiMlwoby2G,300893
2hJ2EY0LekqGQOFoROEdCj,In Bloom - Remastered 2021,5eA0qtE7Yu29XiMlwoby2G,254533
1MsfdAHNRX2T1BWmkpj87C,Come As You Are - Remastered 2021,5eA0qtE7Yu29XiMlwoby2G,218920
5scxJnxEkTHdBUAt380WvS,Breed - Remastered 2021,5eA0qtE7Yu29XiMlwoby2G,183333
2kqtHm0tMQt3siFstCmZ7I,Lithium - Remastered 2021,5eA0qtE7Yu29XiMlwoby2G,256398
7sRCNXJwpNnG2QHMbc3YDL,Polly - Remastered 2021,5eA0qtE7Yu29XiMlwoby2G,174133
2eMi5NrN8a5AAeo4xy87Hw,Territorial Pissings - Remastered 2021,5eA0qtE7Yu29XiMlwoby2G,143093
0WjXWg5siGyu2aNhs4ROK2,Drain You - Remastered 2021,5eA0qtE7Yu29XiMlwoby2G,223733
5L9kgzrhy9IpgYEPD0624C,Lounge Act - Remastered 2021,5eA0qtE7Yu29XiMlwoby2G,156586
0DSB5Os8yvk4lDUNTaO30D,Stay Away - Remastered 2021,5eA0qtE7Yu29XiMlwoby2G,211693
5h0zcBlyYnRxTUQQTyBnam,On A Plain - Remastered 2021,5eA0qtE7Yu29XiMlwoby2G,194480
112T8L9nCLAvHHJB3ZBA5U,Something In The Way - Remastered 2021,5eA0qtE7Yu29XiMlwoby2G,232203
28AkPv6nQBUteNyQoGGdY6,"Endless, Nameless - Remastered 2021",5eA0qtE7Yu29XiMlwoby2G,403988
3qIAnO68WQiaLxEfawfnnd,"Drain You - Live In Amsterdam, Netherlands/1991",5eA0qtE7Yu29XiMlwoby2G,246880
7HkXdW8WffQrm5D0IAo5Fs,"Aneurysm - Live In Amsterdam, Netherlands/1991",5eA0qtE7Yu29XiMlwoby2G,259920
4iao33PbrEykyRNx9rKvo5,"School - Live In Amsterdam, Netherlands/1991",5eA0qtE7Yu29XiMlwoby2G,163720
4lh42l6ktOfFS8kqtcrhgx,"Floyd The Barber - Live In Amsterdam, Netherlands/1991",5eA0qtE7Yu29XiMlwoby2G,178480
17fH3KnDKDMUgXv8bCjKqh,"Smells Like Teen Spirit - Live In Amsterdam, Netherlands/1991",5eA0qtE7Yu29XiMlwoby2G,289813
0HaepXQIZe2XBaCKr2UYxE,"About A Girl - Live In Amsterdam, Netherlands/1991",5eA0qtE7Yu29XiMlwoby2G,166360
4pRCcPYKa4wSao5lvYZimd,"Polly - Live In Amsterdam, Netherlands/1991",5eA0qtE7Yu29XiMlwoby2G,169773
7nTaxmE2XSAnEBws8TqJUK,"Lithium - Live In Amsterdam, Netherlands/1991",5eA0qtE7Yu29XiMlwoby2G,253093
7JI7dDCaCG7ouhfSyI9LiP,"Sliver - Live In Amsterdam, Netherlands/1991",5eA0qtE7Yu29XiMlwoby2G,133493
2KsqO2tsrReptKBwqld59f,"Breed - Live In Amsterdam, Netherlands/1991",5eA0qtE7Yu29XiMlwoby2G,219680
00gQ8lcd40uWSCO1ZPtRcn,"Come As You Are - Live In Amsterdam, Netherlands/1991",5eA0qtE7Yu29XiMlwoby2G,331320
1LWAk9IZ7VJlc0b9A1htfV,"Been A Son - Live In Amsterdam, Netherlands/1991",5eA0qtE7Yu29XiMlwoby2G,125666
361b3OGWi9cQFRbCABVUtr,"Negative Creep - Live In Amsterdam, Netherlands/1991",5eA0qtE7Yu29XiMlwoby2G,159746
5lRfANEu3xTnQjRDGXv8ib,"On A Plain - Live In Amsterdam, Netherlands/1991",5eA0qtE7Yu29XiMlwoby2G,187026
57CgYa6Wh6eYbeYRxUvqrI,"Blew - Live In Amsterdam, Netherlands/1991",5eA0qtE7Yu29XiMlwoby2G,213320
6w3GLZbZNr5FXsVVSQCeUq,"Love Buzz - Live In Amsterdam, Netherlands/1991",5eA0qtE7Yu29XiMlwoby2G,207586
6DGOZvgF907eVtgZRkdvR5,"Territorial Pissings - Live In Amsterdam, Netherlands/1991",5eA0qtE7Yu29XiMlwoby2G,247106
2m78hAUG5B33lTwEFujQ6e,"Drain You - Live In Del Mar, California/1991",5eA0qtE7Yu29XiMlwoby2G,239093
0ElnREQEmnlJSRfBdXDzsS,"Aneurysm - Live In Del Mar, California/1991",5eA0qtE7Yu29XiMlwoby2G,262800
1SdKFdW0vnVay8eXmeARJY,"School - Live In Del Mar, California/1991",5eA0qtE7Yu29XiMlwoby2G,150106
1ABNYkQnvAE5syi0M2Gj48,"Floyd The Barber - Live In Del Mar, California/1991",5eA0qtE7Yu29XiMlwoby2G,149026
3zts81GqTTnlZVHzEYs2Ac,"Smells Like Teen Spirit - Live In Del Mar, California/1991",5eA0qtE7Yu29XiMlwoby2G,289026
42OrukNBZF6zvMRWcw3SYF,"About A Girl - Live In Del Mar, California/1991",5eA0qtE7Yu29XiMlwoby2G,177573
29uOfMXwBR4tkGe60e0EvR,"Polly - Live In Del Mar, California/1991",5eA0qtE7Yu29XiMlwoby2G,169680
3lhWxEcGeUwhbh686WsDIz,"Sliver - Live In Del Mar, California/1991",5eA0qtE7Yu29XiMlwoby2G,116000
3qdQLrOrpjCU3931UsRz9s,"Breed - Live In Del Mar, California/1991",5eA0qtE7Yu29XiMlwoby2G,190693
5wJG4ElbyZmBp0OXUNCboc,"Come As You Are - Live In Del Mar, California/1991",5eA0qtE7Yu29XiMlwoby2G,215573
2Rcl5BxDwE1JT8XdhafxYx,"Lithium - Live In Del Mar, California/1991",5eA0qtE7Yu29XiMlwoby2G,278973
0iyt4YTvGL3tZcV75A4Dit,"Territorial Pissings - Live In Del Mar, California/1991",5eA0qtE7Yu29XiMlwoby2G,253213
1RefZ0tZMeBH8OIP2HMiZp,"Aneurysm - Live In Melbourne, Australia For Triple J/1992",5eA0qtE7Yu29XiMlwoby2G,299786
3GWgAWmFLVv6rSDodEfwLM,"Drain You - Live In Melbourne, Australia For Triple J/1992",5eA0qtE7Yu29XiMlwoby2G,226840
1r1f5eAiT4ZJzSJmnaGmHw,"School - Live In Melbourne, Australia For Triple J/1992",5eA0qtE7Yu29XiMlwoby2G,166186
2iYawSUjthKEIAIno1msO6,"Sliver - Live In Melbourne, Australia For Triple J/1992",5eA0qtE7Yu29XiMlwoby2G,124546
2wmhobEdVYP23nPBQEibDe,"About A Girl - Live In Melbourne, Australia For Triple J/1992",5eA0qtE7Yu29XiMlwoby2G,174853
1Tnrs8QPuGHNgC2RWQNwLg,"Come As You Are - Live In Melbourne, Australia For Triple J/1992",5eA0qtE7Yu29XiMlwoby2G,216080
4JVdRj9g5R7JTJ6mLI0i14,"Lithium - Live In Melbourne, Australia For Triple J/1992",5eA0qtE7Yu29XiMlwoby2G,287200
04u7x91jcsNG0xmKDCQnw3,"Breed - Live In Melbourne, Australia For Triple J/1992",5eA0qtE7Yu29XiMlwoby2G,191640
0YsDqHWbLScrzFAvmSGyOd,Radio Friendly Unit Shifter - Live & Loud,4Sdfp3NL90GZoYYwLmhk0H,270680
2iWFFQdRV4YOlJwEMK4ukY,Drain You - Live & Loud,4Sdfp3NL90GZoYYwLmhk0H,222049
3jhXPqmG7XXebz1ZjecpDF,Breed - Live & Loud,4Sdfp3NL90GZoYYwLmhk0H,193707
6mrYsSzOI4nDnTcIXGhXTG,Serve The Servants - Live & Loud,4Sdfp3NL90GZoYYwLmhk0H,203272
0zk5N2l5c8YracLr5Zg0qk,Rape Me - Live & Loud,4Sdfp3NL90GZoYYwLmhk0H,159241
3LNvv5DoUSINrYioh5uq0G,Sliver - Live & Loud,4Sdfp3NL90GZoYYwLmhk0H,125629
3TZeISSt8QpEhcip2OUvS3,Pennyroyal Tea - Live & Loud,4Sdfp3NL90GZoYYwLmhk0H,221309
4FmXp4wBQRtuq2z9T4MSA7,Scentless Apprentice - Live & Loud,4Sdfp3NL90GZoYYwLmhk0H,233926
7MjPAdHoRmRoiTKi1PXyMk,All Apologies - Live & Loud,4Sdfp3NL90GZoYYwLmhk0H,218663
5GgfA1Cel00rtzU2mNCuaL,Heart Shaped Box - Live & Loud,4Sdfp3NL90GZoYYwLmhk0H,269254
48QQppNx4bQOaBwEEICLAX,Blew - Live & Loud,4Sdfp3NL90GZoYYwLmhk0H,216146
5cPhYSJvkI0xmDQjePm5UP,The Man Who Sold The World - Live & Loud,4Sdfp3NL90GZoYYwLmhk0H,274639
6COizTy2dzSJXdijcQA3G5,School - Live & Loud,4Sdfp3NL90GZoYYwLmhk0H,160947
38IJPc1rTcdnOtI2xkm7nm,Come As You Are - Live & Loud,4Sdfp3NL90GZoYYwLmhk0H,221426
7GpCwyGYirr5kBbcTajOil,Lithium - Live & Loud,4Sdfp3NL90GZoYYwLmhk0H,260184
0IaIDa2e92mtfTuZLr5d4q,About A Girl - Live & Loud,4Sdfp3NL90GZoYYwLmhk0H,168365
2K5qh81GfqhIuo4eNJR1WP,"Endless, Nameless - Live & Loud",4Sdfp3NL90GZoYYwLmhk0H,808066
14iSCO87Qveq9UXCtN48Vm,Fata Morgana,79sg58t1vRpcxudpP9uPtg,261139
3xNwSLvN6QsZ6BgUbQKRm3,Black Rainbow,79sg58t1vRpcxudpP9uPtg,204866
7CoiOXsrfI58wUZBt45HgL,Perfect Soul,79sg58t1vRpcxudpP9uPtg,239640
0Sd7nAZakCLRPxAqfiFd9m,Keep Sweet,79sg58t1vRpcxudpP9uPtg,243522
4bkPAARkDov1lV05emEF7a,Soft Spine,79sg58t1vRpcxudpP9uPtg,183990
7bGzUyc4a949g2c0EIzMpx,Tsunami Sea,79sg58t1vRpcxudpP9uPtg,256466
7z5VyHN6KeN1xF7y4uJ5Nq,A Haven With Two Faces,79sg58t1vRpcxudpP9uPtg,331653
2wwxE7Ww8UfcDtXCiLlnsB,"No Loss, No Love",79sg58t1vRpcxudpP9uPtg,176466
24sCYoOyqR880pCFfQsika,Crystal Roses,79sg58t1vRpcxudpP9uPtg,199960
3Fk6MqQs8k1pGV3PJ8jrkY,Ride The Wave,79sg58t1vRpcxudpP9uPtg,293066
158w8pSMF1Z13xzgHhGXRV,Deep End,79sg58t1vRpcxudpP9uPtg,227560
0qZ03ABKZsGbGhvh1zbbil,Sun Killer,4OXoBlapQygTdzAifJm8BL,227477
6Pd8HUW71iIjalkxJbo8FP,Hurt You,4OXoBlapQygTdzAifJm8BL,226186
3zQy3N1K8Mk5QknfFuVGNc,Yellowjacket - feat. Sam Carter,4OXoBlapQygTdzAifJm8BL,198067
6PmAWNUMqIJbTbfCOuhwSf,The Summit,4OXoBlapQygTdzAifJm8BL,237693
0OzpSEZ5rwwAu1JC2zRAvb,Secret Garden,4OXoBlapQygTdzAifJm8BL,219280
1fhrF2KXBaTpznXWVKCWaa,Silk In The Strings,4OXoBlapQygTdzAifJm8BL,177160
1LLiDI21J4WWlmqk7zsm9v,Holy Roller,4OXoBlapQygTdzAifJm8BL,173174
2g3erkcUse49xvnHuPyVTq,Eternal Blue,4OXoBlapQygTdzAifJm8BL,239706
34mAADAdb7qk38POq1oFXL,We Live In A Strange World,4OXoBlapQygTdzAifJm8BL,168440
2aEFMCVb8dqsETLHhBiZU3,Halcyon,4OXoBlapQygTdzAifJm8BL,220720
3FI0iAAAjmR31xpZEwbdys,Circle With Me,4OXoBlapQygTdzAifJm8BL,233880
1wjpQiPQO8a1GDjhAD0gCo,Constance,4OXoBlapQygTdzAifJm8BL,270546
1uhces29ApKuQWFdpiUsvH,From Zero (Intro),4R6FV9NSzhPihHR0h4pI93,22174
1EDPVGbyPKJPeGqATwXZvN,The Emptiness Machine,4R6FV9NSzhPihHR0h4pI93,190427
5mFZipkX1HZ4Idz5LOWpzq,Cut the Bridge,4R6FV9NSzhPihHR0h4pI93,228606
2HBBM75Xv3o2Mqdyh1NcM0,Heavy Is the Crown,4R6FV9NSzhPihHR0h4pI93,167012
3k4gjmYNJugQRlh2aounZ9,Over Each Other,4R6FV9NSzhPihHR0h4pI93,170445
7BkzAHnNW7WfrT4NcLaUDx,Casualty,4R6FV9NSzhPihHR0h4pI93,140915
7diOv6wm3ngF7Vt6ubK0Sf,Overflow,4R6FV9NSzhPihHR0h4pI93,211027
6i5qhmmF9UNUBRyrPSGn4m,Two Faced,4R6FV9NSzhPihHR0h4pI93,183584
0J1IJsMbKWb5g2sJArTkGF,Stained,4R6FV9NSzhPihHR0h4pI93,185414
7M8eZBRTD9QNasEVReEM0H,IGYEIH,4R6FV9NSzhPihHR0h4pI93,209083
6aCBjSb87RizdH8lVBIRW7,Good Things Go,4R6FV9NSzhPihHR0h4pI93,209844
4GDMFpLQGOIRBcieUNQ8lM,From Zero (Intro) - A Cappella,7qKEQkRXySP0rhjtXJksfg,22174
2LGHaLNh9BhHKk1C2GBzn5,The Emptiness Machine - A Cappella,7qKEQkRXySP0rhjtXJksfg,185234
1krroldM4h2f8zNunf3IfU,Cut the Bridge - A Cappella,7qKEQkRXySP0rhjtXJksfg,201391
0Lm8MtlV0iivYDCIT7mzJe,Heavy Is the Crown - A Cappella,7qKEQkRXySP0rhjtXJksfg,138263
0RXyWw3IkjOWRhJtRmBHFm,Over Each Other - A Cappella,7qKEQkRXySP0rhjtXJksfg,164438
7AUkizUfEnYwedko6RTduQ,Casualty - A Cappella,7qKEQkRXySP0rhjtXJksfg,139048
5dn1G1VTP7CNuUZPPlzJ2L,Overflow - A Cappella,7qKEQkRXySP0rhjtXJksfg,204776
05RJpYatSHJMzudTFKvBvc,Two Faced - A Cappella,7qKEQkRXySP0rhjtXJksfg,154452
0hRxxZRv3D55cQ1uGivqVO,Stained - A Cappella,7qKEQkRXySP0rhjtXJksfg,177584
1h0wBpzoj66AFBBH8tKkup,IGYEIH - A Cappella,7qKEQkRXySP0rhjtXJksfg,204166
6GXUQmmDXxK5ehtY6iIiSm,Good Things Go - A Cappella,7qKEQkRXySP0rhjtXJksfg,193967
5UQHN1G3Vw47kjtyyV9y7e,The Emptiness Machine - Instrumental,7qKEQkRXySP0rhjtXJksfg,190427
4JDX8G8EUDGZT4Rq0EKuhm,Cut the Bridge - Instrumental,7qKEQkRXySP0rhjtXJksfg,228606
09stA0K9svj6ezrXNbal5R,Heavy Is the Crown - Instrumental,7qKEQkRXySP0rhjtXJksfg,167012
0L1Ezqfu0NK5a2zPv4w6gc,Over Each Other - Instrumental,7qKEQkRXySP0rhjtXJksfg,163518
4UsnziI1vq0MmapAsX5Eic,Casualty - Instrumental,7qKEQkRXySP0rhjtXJksfg,140058
44Zwb4zo6VoziWf4ihe5sB,Overflow - Instrumental,7qKEQkRXySP0rhjtXJksfg,207419
7z8sLlGppLupOyrb4Owl2v,Two Faced - Instrumental,7qKEQkRXySP0rhjtXJksfg,179069
0yRuaXMvmb4mL6CRDpkMmy,Stained - Instrumental,7qKEQkRXySP0rhjtXJksfg,185567
2qX8TEEg6wD8p9JWX0pr6G,IGYEIH - Instrumental,7qKEQkRXySP0rhjtXJksfg,209083
1gwFSA8DaSYmxYzXwfTVbJ,Good Things Go - Instrumental,7qKEQkRXySP0rhjtXJksfg,205723
1qCHUeJSqpfisJt2raEoum,From Zero (Intro) - A Cappella,1x6p39FFIESOq8q8B4oQXN,22174
5r02e96RXRVEkVDCNLDOcx,The Emptiness Machine - A Cappella,1x6p39FFIESOq8q8B4oQXN,185234
6gW2vdIRLA7xcXfx4H4Sgo,Cut the Bridge - A Cappella,1x6p39FFIESOq8q8B4oQXN,201391
7nTXYK3wewMr00SMfe79v4,Heavy Is the Crown - A Cappella,1x6p39FFIESOq8q8B4oQXN,138263
62KlTZQe1IsnlnrirEl7Zc,Over Each Other - A Cappella,1x6p39FFIESOq8q8B4oQXN,164438
6NX5du9zqXujLueJQ0vMZI,Casualty - A Cappella,1x6p39FFIESOq8q8B4oQXN,139048
0hF9pwcubCJtDfZiPodK3Q,Overflow - A Cappella,1x6p39FFIESOq8q8B4oQXN,204776
528x5OUQnBQIjkQiXt8mID,Two Faced - A Cappella,1x6p39FFIESOq8q8B4oQXN,154452
22w7uUyfrXbeHAk1rFmHsP,Stained - A Cappella,1x6p39FFIESOq8q8B4oQXN,177584
2iYeq9D92dC31tiFnygcM0,IGYEIH - A Cappella,1x6p39FFIESOq8q8B4oQXN,204166
2iezd1PsiOkUmec9FtBnFq,Good Things Go - A Cappella,1x6p39FFIESOq8q8B4oQXN,193967
3ZdwCZtXWJjMqHlSFgYfIg,Prequel,2knEuvsxqHMAoxlQpIdpQD,233793
4myFsmx2v6znDOJfn3IkbD,Popular Monster,2knEuvsxqHMAoxlQpIdpQD,220537
19CCQeIOxxUDcpFw539zd7,All My Life,2knEuvsxqHMAoxlQpIdpQD,190230
2eKoPnGnuHqIpfph45z44W,Ronald,2knEuvsxqHMAoxlQpIdpQD,196754
1jVXXu8W4iny6MRkxKxxPI,Voices In My Head,2knEuvsxqHMAoxlQpIdpQD,191414
7uAWPqXthO4pO2Exc8V90t,Bad Guy,2knEuvsxqHMAoxlQpIdpQD,157741
1SlxMFZexm81T0tUK6mwni,Watch The World Burn,2knEuvsxqHMAoxlQpIdpQD,203948
334409Qvmqf5tBqbA7PtxQ,Trigger Warning,2knEuvsxqHMAoxlQpIdpQD,142045
1USeS8c7cpR8dmb07IUAnZ,ZOMBIFIED,2knEuvsxqHMAoxlQpIdpQD,218520
46L3dPAMmGU254kGxrbXEa,NO FEAR,2knEuvsxqHMAoxlQpIdpQD,228823
2eW6dRMcZt7LIluGzicM9H,Last Resort - Reimagined,2knEuvsxqHMAoxlQpIdpQD,283714
4Jk6ZV8QsuWNLVzjX8VeE6,Coming Home,79fnwKynD56xIXBVWkyaE5,294038
5IwdHDiLWES2K4XtUjKn4A,Broken,79fnwKynD56xIXBVWkyaE5,234804
4VXhicGRlRz7Z4OQUOzkpT,Loser,79fnwKynD56xIXBVWkyaE5,253452
6uSpReaIE9rsnvhmpsJClE,Fuck You and All Your Friends,79fnwKynD56xIXBVWkyaE5,191248
5ElqFDw0Rn1tkdaJpDJSrx,I Hate Everyone,79fnwKynD56xIXBVWkyaE5,218536
2uEhFDZqAjzflscjStpmzd,I'm Bad At Life,79fnwKynD56xIXBVWkyaE5,235334
0unL0Fgezp3ts4aFtT2FB5,Hanging On,79fnwKynD56xIXBVWkyaE5,228183
2b5wWbvt1IPBEMczBPtuB1,Superhero,79fnwKynD56xIXBVWkyaE5,193447
4UAdIHc0paTuEJkZWgPiIq,Straight to Hell,79fnwKynD56xIXBVWkyaE5,229568
5y6znJ3osgBVDzis8xcNTJ,I Don't Mind,79fnwKynD56xIXBVWkyaE5,263896
0kTcEzRcDLjCP27TglgeeP,The Departure,79fnwKynD56xIXBVWkyaE5,287922
6RlbiSkOcXM6OjcVlELWV3,Right Now,79fnwKynD56xIXBVWkyaE5,208082
77JbeEezKoH1w38l2zLFGM,Paparazzi,79fnwKynD56xIXBVWkyaE5,241777
73nWqXQgY3kC72JPkzYoJW,Chemical Prisoner,6Q6AwXjxcD7zL8fJMtHVo7,260366
7xhTU0UBVW8BBbkJzZ810W,"God, If You Are Above...",6Q6AwXjxcD7zL8fJMtHVo7,216134
4TncWhCfACwaIU8hllz8SQ,Sexy Drug,6Q6AwXjxcD7zL8fJMtHVo7,194671
1wQPcfKUzpzrf6gcVqQh04,Just Like You,6Q6AwXjxcD7zL8fJMtHVo7,212612
7ggGTSxuNkyJlADN1m111o,Guillotine IV (the Final Chapter),6Q6AwXjxcD7zL8fJMtHVo7,215849
1vW52OMcN2nrGzN69ctgXp,Stay Away,6Q6AwXjxcD7zL8fJMtHVo7,201706
0vvCicaCk05Rh8kehBDPOx,Wait and See,6Q6AwXjxcD7zL8fJMtHVo7,278621
5TzmQoMOSEtB3tfq3y6slN,The Bitter End,6Q6AwXjxcD7zL8fJMtHVo7,243974
6qpf0lDld0rAvd2poPqxZI,My Heart's To Blame,6Q6AwXjxcD7zL8fJMtHVo7,229827
1P7oIDtrjsPS5CgTbom58X,Get Me Out,6Q6AwXjxcD7zL8fJMtHVo7,225395
2AOMMigM6lgv7L68yOjpEF,Die For You,6Q6AwXjxcD7zL8fJMtHVo7,224299
6zBfayKHRNCi4qDw8sYSzd,Brother,6Q6AwXjxcD7zL8fJMtHVo7,201056
4Mg5doudqpVyWSKE6czP0E,My Apocalypse II,6Q6AwXjxcD7zL8fJMtHVo7,225080
3n7QBxRTWSxKMMvduMKUNM,Pray,6Q6AwXjxcD7zL8fJMtHVo7,217413
1Uifdytv882RtTn6Gr4xAA,Chokehold,1gjugH97doz3HktiEjx2vY,304023
0S38Oso3I9vpDXcTb7kYt9,The Summoning,1gjugH97doz3HktiEjx2vY,395716
4mxiv6HQfhqgIuN5iOONQd,Granite,1gjugH97doz3HktiEjx2vY,225426
5ub6Cb5yKmgGGwjvqZM1gI,Aqua Regia,1gjugH97doz3HktiEjx2vY,236020
5vJIVr0ZYo8DFbfSOY4Goa,Vore,1gjugH97doz3HktiEjx2vY,339606
2Z1eWq9VOXkCzUmcU6uoNe,Ascensionism,1gjugH97doz3HktiEjx2vY,428713
5fxt2afoPXrHop4DEi4PEN,Are You Really Okay?,1gjugH97doz3HktiEjx2vY,306828
21eMasL93nEafqRwlI851z,The Apparition,1gjugH97doz3HktiEjx2vY,268159
0OFNCqshaxAaKkGdlu16IM,DYWTYLM,1gjugH97doz3HktiEjx2vY,240737
0GXwlEXCO8qeeeOIYpsR3m,Rain,1gjugH97doz3HktiEjx2vY,252158
2Gt7fjNlx901pPRkvBiNBZ,Take Me Back To Eden,1gjugH97doz3HktiEjx2vY,500116
3hZIvVYZWsuFpdWdXQFgKx,Euclid,1gjugH97doz3HktiEjx2vY,313361
6Olm9FOx0krmzP4IfGRw2A,The Night Does Not Belong To God - Instrumental,6LQkcU4HKWlACIumhhQDnk,304313
0mJzuoPFO7AlFKVH65kE5u,The Offering - Instrumental,6LQkcU4HKWlACIumhhQDnk,369777
4SfySoN64xTjkcJSXTIJHS,Levitate - Instrumental,6LQkcU4HKWlACIumhhQDnk,324374
5B3LMeHgdCyKmztVA23iVK,Dark Signs - Instrumental,6LQkcU4HKWlACIumhhQDnk,302535
4AXPXAv9vqziyMrUE2STJ2,Higher - Instrumental,6LQkcU4HKWlACIumhhQDnk,327281
5pzqk7iT2nwQDNHE69yP2Q,Take Aim - Instrumental,6LQkcU4HKWlACIumhhQDnk,221395
0lOYCc2vc723qWCRFy2IZm,Give - Instrumental,6LQkcU4HKWlACIumhhQDnk,235294
0T0a2og3EYAgtziTNHkA3k,Gods - Instrumental,6LQkcU4HKWlACIumhhQDnk,206292
3reol5LlAO34t8xVi26kMc,Sugar - Instrumental,6LQkcU4HKWlACIumhhQDnk,314754
5C3a03btdWYS9lDbdNhGAm,Say That You Will - Instrumental,6LQkcU4HKWlACIumhhQDnk,332030
6syUOHtRuuBlpzQn8uAJ42,Drag Me Under - Instrumental,6LQkcU4HKWlACIumhhQDnk,256000
7xBzMkdRPzcKXr5mYkIRKp,Blood Sport - Instrumental,6LQkcU4HKWlACIumhhQDnk,247384
6ba1zkKzgIPbAWbLPYz6Kq,Atlantic - Instrumental,36PkMUkelFPIKRVILL6c08,292571
6lJ41bfBU7yKHPQxrpUHJP,Hypnosis - Instrumental,36PkMUkelFPIKRVILL6c08,335946
6zZqOjJxcFbl9QL3jmQTzs,Mine - Instrumental,36PkMUkelFPIKRVILL6c08,296681
27LG2TpViKi6L4vgaMiS6v,Like That - Instrumental,36PkMUkelFPIKRVILL6c08,214889
2om7Xk3W9nc9oSPqwzFWKv,The Love You Want - Instrumental,36PkMUkelFPIKRVILL6c08,263186
5p11UCvmxXVliJQYjPpgyZ,Alkaline - Instrumental,36PkMUkelFPIKRVILL6c08,214087
03rtpbrWeCFkFMRfdVY1wu,Distraction - Instrumental,36PkMUkelFPIKRVILL6c08,262401
0JR10dxHAJXQnF6WJxGHiq,Descending - Instrumental,36PkMUkelFPIKRVILL6c08,279342
1FtiVa6alETYB7qqJhQ2yv,Telomeres - Instrumental,36PkMUkelFPIKRVILL6c08,306217
3Z2ExaFo1UQ9T4UgQNNM5J,High Water - Instrumental,36PkMUkelFPIKRVILL6c08,313290
3P6abrNUuClpeOW60XiDF5,Meltdown,3FtJCmMzsgTWZOi931Vqxy,268919
5MCUpUfWI7r0v931vSiWul,Sign Of Life,3FtJCmMzsgTWZOi931Vqxy,220066
2qcDnbfsc2KS4QveTCo3cd,Werewolf,3FtJCmMzsgTWZOi931Vqxy,212082
3VygEA5I6WT0pZzl7H4Zhz,Porcelain,3FtJCmMzsgTWZOi931Vqxy,216653
3FuJVRxp3tguqTLwc0pike,Slaughterhouse (feat. Bryan Garris),3FtJCmMzsgTWZOi931Vqxy,263947
7ImIV6FznH8KFKtP2RLcqT,Masterpiece,3FtJCmMzsgTWZOi931Vqxy,206648
65jjjIME1HZpk9JXsmtAhg,Cause Of Death,3FtJCmMzsgTWZOi931Vqxy,243395
1TV5sFVlCtSokttsHkImCh,We Become The Night,3FtJCmMzsgTWZOi931Vqxy,211841
1a4IUA0zOZ6RBMBmLaMaNW,Burned At Both Ends II,3FtJCmMzsgTWZOi931Vqxy,237326
6LTjPm14P1QZ2KzCRD1dl9,BFBTG: Corpse Nation,3FtJCmMzsgTWZOi931Vqxy,214139
1uTJHf4xqGvrFwo6yLZpnC,Cyberhex,3FtJCmMzsgTWZOi931Vqxy,275247
10vQfeG4Z9E2owJ1KNHzNW,"Red, White & Boom (feat. Caleb Shomo)",3FtJCmMzsgTWZOi931Vqxy,198665
2bcbWaxjeVmoOmWNeNEMem,Scoring The End Of The World (feat. Mick Gordon),3FtJCmMzsgTWZOi931Vqxy,228354
5J1SceWegPiycCW89uIfAU,Hollow Points,3FtJCmMzsgTWZOi931Vqxy,187321
3bHc7ymZxAGVAYSdJOectH,Fool’s Gold,3FtJCmMzsgTWZOi931Vqxy,233207
30aI2dQmFhb7dlRdijNOKc,Timebomb - STEOTW Mix,3FtJCmMzsgTWZOi931Vqxy,224007
22ijqBTnBAjct38WxCTsg4,Porcelain: Ricky Motion Picture Collection,3FtJCmMzsgTWZOi931Vqxy,247016
6w3hTgFYPaUo6WFz2tEOtX,Meltdown,0DoVnWjNFYoUfq7qe36jxh,268919
73QoCfWJJWbRYmm5nCH5Y2,Sign Of Life,0DoVnWjNFYoUfq7qe36jxh,220066
1e1rQNYCZToyBDDka1Io34,Werewolf,0DoVnWjNFYoUfq7qe36jxh,212082
0RVy4QZozImoktsPqdcEv3,Porcelain,0DoVnWjNFYoUfq7qe36jxh,216653
2ClgEn1FZxchrqRZ04JZzj,Slaughterhouse (feat. Bryan Garris),0DoVnWjNFYoUfq7qe36jxh,263947
3c9kVsKF68xMzlS0NikVn3,Masterpiece,0DoVnWjNFYoUfq7qe36jxh,206648
1JMrmmvPZvwdKOnti8wbmC,Cause Of Death,0DoVnWjNFYoUfq7qe36jxh,243395
3Wqksj2gO4wcxWMwjAZ8AE,We Become The Night,0DoVnWjNFYoUfq7qe36jxh,211841
0iSTQWpqF9kYgeck7GelOR,Burned At Both Ends II,0DoVnWjNFYoUfq7qe36jxh,237326
6Aqyd2xeESP6HhUbbZvHoJ,BFBTG: Corpse Nation,0DoVnWjNFYoUfq7qe36jxh,214139
2vNUATEUKbavRo2gMjHs2S,Cyberhex,0DoVnWjNFYoUfq7qe36jxh,275247
0JGfANN7zFpb3NbRzYKXrp,"Red, White & Boom (feat. Caleb Shomo)",0DoVnWjNFYoUfq7qe36jxh,198665
0Tkgl0sQyr6QO0IGmS8aa5,Scoring The End Of The World (feat. Mick Gordon),0DoVnWjNFYoUfq7qe36jxh,228354
6LNKeK9iJ66iwe16VxG43H,Disguise,4JECM4NZhtpjDX4JbYkh00,237500
1zVuDtGYWtwg2Id64zrL2K,Headache,4JECM4NZhtpjDX4JbYkh00,209027
3p3t4C8mvtZrFBRs6OE7eY,</c0de>,4JECM4NZhtpjDX4JbYkh00,228333
0y0v0SDevDcGW5rsDElup3,Thoughts & Prayers,4JECM4NZhtpjDX4JbYkh00,240450
0RjTa79DOaCvav4xusyHAH,Legacy,4JECM4NZhtpjDX4JbYkh00,213813
4DQPKxM9mp70Nxz0FH051A,Undead Ahead 2: The Tale of the Midnight Ride,4JECM4NZhtpjDX4JbYkh00,273666
0CRXtwDkyX0VpkDcaTtG99,Holding on to Smoke,4JECM4NZhtpjDX4JbYkh00,254042
0YZEYxd1oiqZRFhnnmTKKi,Another Life,4JECM4NZhtpjDX4JbYkh00,205394
6HxvkE4HL60Uf9bHMhkdKt,Broadcasting From Beyond the Grave: Death Inc.,4JECM4NZhtpjDX4JbYkh00,234626
0vPkRB52RENZMpHybpFKYK,Brand New Numb,4JECM4NZhtpjDX4JbYkh00,222461
7FJpjeyDQxmRfZioyFHLLG,Catharsis,4JECM4NZhtpjDX4JbYkh00,231866
6Fru9ck2yZQpyLHxSfmasq,Elegy,2W82VyyIFAXigJEiLm5TT1,215566
5c3Nd8XUPfsO8MLUM1oa7O,Whiplash,2W82VyyIFAXigJEiLm5TT1,226166
04yjYHGB3aoyS3q7D7LiKy,Blackhole,2W82VyyIFAXigJEiLm5TT1,200800
3yC1soClolbb2jFH7XIPqd,Everything Ends,2W82VyyIFAXigJEiLm5TT1,220000
1tH7fEOpyS6RCHHxglAU9C,Brain Dead,2W82VyyIFAXigJEiLm5TT1,168933
2mn6TJItWVdVxVeCzHfoxZ,Evil Eyes,2W82VyyIFAXigJEiLm5TT1,231233
1tdZ3QQYxRwVXwTDJwfAMY,Landmines,2W82VyyIFAXigJEiLm5TT1,214866
7xGTMfEv4YSK9VggF8tyvi,Judgement Day,2W82VyyIFAXigJEiLm5TT1,194933
44TUJhvq8ZSoIO1AzpD6X7,Broken Mirror,2W82VyyIFAXigJEiLm5TT1,190566
6DLaYITCfzaNEAj0ZyGRad,Curse,2W82VyyIFAXigJEiLm5TT1,181134
65qBr6ToDUjTD1RiE1H4Gl,Seeing Red,2W82VyyIFAXigJEiLm5TT1,220575
1B2OVlFv8mHREUCXzAQBXx,Chandelier,2W82VyyIFAXigJEiLm5TT1,246033
7mfMTQ21RSVhUw778ymlyV,deep fake,5ncQrFYuAZYrNcbzbJjgL4,213871
7Igb2aGtzSlisOgXbjmdZW,tear gas,5ncQrFYuAZYrNcbzbJjgL4,257903
46xcK3IlceaiXFuzOaLysR,spit the bone,5ncQrFYuAZYrNcbzbJjgL4,212479
3Pysg3zpSc34Aj08HPbl78,burn down my house,5ncQrFYuAZYrNcbzbJjgL4,259143
1Ho5lI6FHNyG8H7UW5kSrs,living is killing us,5ncQrFYuAZYrNcbzbJjgL4,221406
7DkN4oeXv2mqyPy0sJNrus,when we were young,5ncQrFYuAZYrNcbzbJjgL4,193886
12lkUbhW7B4dZ46xHoT9Sj,doomscrolling,5ncQrFYuAZYrNcbzbJjgL4,261568
1NDLQvcwBgWn4Il3ex0kkH,born again pessimist,5ncQrFYuAZYrNcbzbJjgL4,211394
2XNJNwSOq8tLWhQ5a9sGBb,a new moral low ground,5ncQrFYuAZYrNcbzbJjgL4,211848
6m1mPWWQTiOp2Daf024oCW,all the love in the world,5ncQrFYuAZYrNcbzbJjgL4,241040
1nXWhLumXogqFeijfa1uJd,be very afraid,5ncQrFYuAZYrNcbzbJjgL4,260034
0Gm6ZrTHlm3hZuCQy9CmHO,Do You Dream Of Armageddon? - Abbey Road Version,5JzVaRM6IgRKkmwWfSo9bl,105354
52XFg5GMqFfbx7MqG2UUmV,Black Lungs - Abbey Road Version,5JzVaRM6IgRKkmwWfSo9bl,234036
4Ke15G3f1NWRptvflBFSQi,Giving Blood - Abbey Road Version,5JzVaRM6IgRKkmwWfSo9bl,216780
5yzLazuj0KoMRN8BP3Ztdw,Discourse Is Dead - Abbey Road Version,5JzVaRM6IgRKkmwWfSo9bl,226091
5FsdaIU36fEzRHLdoOnfif,Dead Butterflies - Abbey Road Version,5JzVaRM6IgRKkmwWfSo9bl,244230
0UaxRHYtHnLsRZF2dSJUgY,An Ordinary Extinction - Abbey Road Version,5JzVaRM6IgRKkmwWfSo9bl,247902
79m5k9e7NbFJAEPBk8fgKF,Impermanence - Abbey Road Version,5JzVaRM6IgRKkmwWfSo9bl,243715
11h5oRjTZuK9sN7EWQ0JeN,Flight Without Feathers - Abbey Road Version,5JzVaRM6IgRKkmwWfSo9bl,228309
1zu85Wg0gPwp6E57zWX7TN,Little Wonder - Abbey Road Version,5JzVaRM6IgRKkmwWfSo9bl,226939
73qWrhPo8urwqXnzq1FoE1,Animals - Abbey Road Version,5JzVaRM6IgRKkmwWfSo9bl,247057
6qgvlhy3tBwY0V7SPjYZut,Libertine - Abbey Road Version,5JzVaRM6IgRKkmwWfSo9bl,256864
0xrYCk4aI4wFzmUdvrzioe,Goliath - Abbey Road Version,5JzVaRM6IgRKkmwWfSo9bl,251356
7djXOtCtKwz1Ws8xZe2BL9,Demi God - Abbey Road Version,5JzVaRM6IgRKkmwWfSo9bl,270413
0N4OWlZMR13m6BlQK0gGcm,Meteor - Abbey Road Version,5JzVaRM6IgRKkmwWfSo9bl,245820
2MXv9i4ZrsD7DyqzHKEmjf,Dying Is Absolutely Safe - Abbey Road Version,5JzVaRM6IgRKkmwWfSo9bl,303810
5Sq61mGiOGW0GxgnFNR1MF,The Funeral,3Hthv2JVzYaWq0TyElU5lF,210836
2xlcFmrwMEOzhRFQtUG2cG,Tissues,3Hthv2JVzYaWq0TyElU5lF,215163
3MLYBOqvTV99vZxWhigfFH,Memories (with WILLOW),3Hthv2JVzYaWq0TyElU5lF,155919
2aTBIHvHXv8oCbBvQ1Wjlp,Cruel Kids,3Hthv2JVzYaWq0TyElU5lF,172080
4p8S030ptmdjJoGU6ERBmA,Mad,3Hthv2JVzYaWq0TyElU5lF,145488
3nBeqNM2ZtjyiBgKRNbkrX,I Cry 2,3Hthv2JVzYaWq0TyElU5lF,116962
2sYOb2xxsuUPLCh6Cmmg30,Sweet Heroine,3Hthv2JVzYaWq0TyElU5lF,151623
27glwe4vWGNcf62jSo9AHO,Sex Not Violence,3Hthv2JVzYaWq0TyElU5lF,202768
66ylZq6fuOO6pBrVyJ16cP,Don't Go,3Hthv2JVzYaWq0TyElU5lF,149672
61e6C5cn45yJLHlKdTZByy,Don't Feel Like Feeling Sad Today,3Hthv2JVzYaWq0TyElU5lF,116483
6n8nKhLLKv7i75yt5P1FrK,Die For A Night,3Hthv2JVzYaWq0TyElU5lF,92000
5wpqwUEBL1B4QTE7U0zA1h,The Boy In The Black Dress,3Hthv2JVzYaWq0TyElU5lF,257573
4CtqY9iFkMwCz1pewf0t90,The Emperor,3Hthv2JVzYaWq0TyElU5lF,175150
49c3mHgaXxXKnYgNojzo1O,teresa,1KsMhtT6PWdFuMCiNLvWmP,204212
5v4OkFH0TJ6W1hCFxyn0px,parents,1KsMhtT6PWdFuMCiNLvWmP,171880
5lVZiDONIcGowIOetTZ4ps,cotton candy,1KsMhtT6PWdFuMCiNLvWmP,167365
75ELnvpSiymLZVmYvqyvZJ,strawberry lipstick,1KsMhtT6PWdFuMCiNLvWmP,163861
6C6aknFp2XtjIq7xuvyfuY,mars,1KsMhtT6PWdFuMCiNLvWmP,181837
1mgvj05QVQdO7dPgHTooXF,superdeadfriends,1KsMhtT6PWdFuMCiNLvWmP,140816
0DZr4tVoYT3rUJzm9w15Lg,love song,1KsMhtT6PWdFuMCiNLvWmP,240206
0iVSLUaLzYPi1vDFTkjZhb,"god save me, but don't drown me out",1KsMhtT6PWdFuMCiNLvWmP,217510
17WzFcZS7O0UynRvPEa0Ai,ice cream man,1KsMhtT6PWdFuMCiNLvWmP,192533
1OAkkP5JGtwDZbsE6dg988,weird!,1KsMhtT6PWdFuMCiNLvWmP,183501
0Vf14R77kdV1NwzGhAUogr,charity,1KsMhtT6PWdFuMCiNLvWmP,219753
1Pv3rDsjRl98xEQC56p8A0,acting like that (feat. Machine Gun Kelly),1KsMhtT6PWdFuMCiNLvWmP,191066
07qfW7bs744QbhtWXZ5ADU,it's quiet in beverly hills,1KsMhtT6PWdFuMCiNLvWmP,156755
2Lq0em0DLPkGmgs48Rt39b,the freak show,1KsMhtT6PWdFuMCiNLvWmP,267645
7yzFGfeg8YZ4DX6QgdhWsB,21st Century Liability - Live In Atlanta,207fkpKCM1uvB5R5G6uT0W,214600
5v3JELlnO4x9QcESNBU8A3,"I Love You, Will You Marry Me - Live In Atlanta",207fkpKCM1uvB5R5G6uT0W,248733
3xvyBD9je8Dn2NRzxQWqD6,King Charles - Live In Atlanta,207fkpKCM1uvB5R5G6uT0W,299426
68r2uGOK55q2378jd50AWl,Anarchist - Live In Atlanta,207fkpKCM1uvB5R5G6uT0W,180493
0jr96Vo6vyFcIGloCKJnc9,Psychotic Kids - Live In Atlanta,207fkpKCM1uvB5R5G6uT0W,162360
1eyktc4d3vomSZ0pMgjeGO,Polygraph Eyes - Live In Atlanta,207fkpKCM1uvB5R5G6uT0W,290600
3uUfIJLU67J5hf0AlpRJhD,Medication - Live In Atlanta,207fkpKCM1uvB5R5G6uT0W,225106
77Iv5E9bwnn776PxLZRIiB,Kill Somebody - Live In Atlanta,207fkpKCM1uvB5R5G6uT0W,232213
03r9ah9KdparzoIyJfWOsA,California - Live In Atlanta,207fkpKCM1uvB5R5G6uT0W,219080
2gPxwrypRDYuNqqfTaQYwF,Tin Pan Boy - Live In Atlanta,207fkpKCM1uvB5R5G6uT0W,221426
0ZWZpPy2b5FXp3enuVKIeZ,Doctor Doctor - Live In Atlanta,207fkpKCM1uvB5R5G6uT0W,197106
4RnxlBaB4FlcaXnna68VBJ,Die For The Hype - Live In Atlanta,207fkpKCM1uvB5R5G6uT0W,228573
0dxPHMZTI8TWMYRucsAFNd,Attack,3QxX3NbWyLlLG6lP1xveL3,186466
4uCfGqrF2OHcav71k0bk9D,Dreaming,3QxX3NbWyLlLG6lP1xveL3,239866
28TReO2Mxk9Q3GA4K98YSz,Kill Rock 'n Roll,3QxX3NbWyLlLG6lP1xveL3,147960
6oO7WMjD6kEvCITLbVj0mu,Hypnotize,3QxX3NbWyLlLG6lP1xveL3,189440
0ELxqqeeisigIJhN6dsNHI,Stealing Society,3QxX3NbWyLlLG6lP1xveL3,178000
11WZXXvGyrtUBp15TtojxA,Tentative,3QxX3NbWyLlLG6lP1xveL3,216533
0dgCqrI14Oe3nqGLS3qbzJ,U-Fig,3QxX3NbWyLlLG6lP1xveL3,175266
4mj2UMyJTBTaO7pffAK29j,Holy Mountains,3QxX3NbWyLlLG6lP1xveL3,328866
5uMTA9SIe0sE4dnHHSHaYz,Vicinity Of Obscenity,3QxX3NbWyLlLG6lP1xveL3,171800
3bcOxfqIiXj41AdUHfHfgj,She's Like Heroin,3QxX3NbWyLlLG6lP1xveL3,164160
1VNWaY3uNfoeWqb5U8x2QX,Lonely Day,3QxX3NbWyLlLG6lP1xveL3,167906
1ez4uWPnJwYufNhYTLVsJr,Soldier Side,3QxX3NbWyLlLG6lP1xveL3,220266
6f1HJMVJ1CgUeCIM6r795H,Soldier Side - Intro,0cn6MHyx4YuZauaB7Pb66o,63666
0EYOdF5FCkgOJJla8DI2Md,B.Y.O.B.,0cn6MHyx4YuZauaB7Pb66o,255466
577mOFb1LAvSANIUZ4mbQ7,Revenga,0cn6MHyx4YuZauaB7Pb66o,228026
47EqCQZG5v4o0WFMufGf5S,Cigaro,0cn6MHyx4YuZauaB7Pb66o,131706
41pOIT2t1rvr2Trg1HQChZ,Radio/Video,0cn6MHyx4YuZauaB7Pb66o,249226
0DVHR5FQ0Gp2dsZJz7hfdy,This Cocaine Makes Me Feel Like I'm On This Song,0cn6MHyx4YuZauaB7Pb66o,128240
249Z7XT6mf8B2zuI0RaeS0,Violent Pornography,0cn6MHyx4YuZauaB7Pb66o,211333
6y2DHyCYf6azhUfXmnuH6w,Question!,0cn6MHyx4YuZauaB7Pb66o,200600
1wGRSG94dLt8fIZWhR3rGG,Sad Statue,0cn6MHyx4YuZauaB7Pb66o,205800
6iFVJGxSVdFkzYQJL7Rgdk,Old School Hollywood,0cn6MHyx4YuZauaB7Pb66o,176866
0GrHWVTDsaWcD4nrCGr7VE,Lost In Hollywood,0cn6MHyx4YuZauaB7Pb66o,320693
11i33j50Gsr90pRoDJBrEA,Chic 'N' Stu,6lA1sGw7eCv27bcpd5E0wT,143626
0Xmbtw7NhNiDnL4BWy5wDh,Innervision,6lA1sGw7eCv27bcpd5E0wT,153773
4dJMoLxnO93Ys7SqZNIxlg,Bubbles,6lA1sGw7eCv27bcpd5E0wT,116893
5en63QU81VfRQIsoqBcfde,Boom!,6lA1sGw7eCv27bcpd5E0wT,134906
0ognkBvJqaov2gWDgaMzvz,Nüguns,6lA1sGw7eCv27bcpd5E0wT,150360
7gZX4vZqjJJWsdosIB0h6P,A.D.D. (American Dream Denial),6lA1sGw7eCv27bcpd5E0wT,197306
4TYI2YExAWaIOpGP4y7AbI,Mr. Jack,6lA1sGw7eCv27bcpd5E0wT,249626
3RgDvs9Jpvn3kUuaTek1R5,I-E-A-I-A-I-O,6lA1sGw7eCv27bcpd5E0wT,188600
2TyFfQ1OuubEwfxFvapfzC,36,6lA1sGw7eCv27bcpd5E0wT,46333
3A5E8GUX5bdPGxxJP1IrYx,Pictures,6lA1sGw7eCv27bcpd5E0wT,126306
4TRPgtjVmqg7EAWZe1T94E,Highway Song,6lA1sGw7eCv27bcpd5E0wT,193626
5hjKYe3NOmWx2NVzVAeIGF,Fuck the System,6lA1sGw7eCv27bcpd5E0wT,132733
2HVCLZ6dMDelXhloO5sAjV,Ego Brain,6lA1sGw7eCv27bcpd5E0wT,201906
6l17lK6a9LFqhOfh770wWg,Thetawaves,6lA1sGw7eCv27bcpd5E0wT,156600
4sM7v7wyRAuV6ZTO2dvnCA,Roulette,6lA1sGw7eCv27bcpd5E0wT,201200
4YtuhhgpKwckVZNGzjpxBh,Streamline,6lA1sGw7eCv27bcpd5E0wT,217600
1Oojqoy89m7n7RrIiEBMK1,Going Under - Remastered 2023,1l60K3wSsZjJDfeAvnkZw5,214920
2UYK6Xdo2519MY0o2NtA3n,Bring Me To Life - Remastered 2023,1l60K3wSsZjJDfeAvnkZw5,236400
3tzjY4CqAxrUB9ZtxGlUJm,Everybody’s Fool - Remastered 2023,1l60K3wSsZjJDfeAvnkZw5,195706
3lnNbEWKw1LnH5anvJTPfD,My Immortal - Remastered 2023,1l60K3wSsZjJDfeAvnkZw5,262746
7d5r4PMJPqjopdAXx2rgbL,Haunted - Remastered 2023,1l60K3wSsZjJDfeAvnkZw5,185026
2JHgxhTMSt8zd1qewKvNaF,Tourniquet - Remastered 2023,1l60K3wSsZjJDfeAvnkZw5,278280
2qaJkuM39256F6TKNYJZ2A,Imaginary - Remastered 2023,1l60K3wSsZjJDfeAvnkZw5,256372
6fVMi0YviZpgaWdv8NKxu3,Taking Over Me - Remastered 2023,1l60K3wSsZjJDfeAvnkZw5,228173
6eYdpq9HYm5W3TZKovmTgS,Hello - Remastered 2023,1l60K3wSsZjJDfeAvnkZw5,220760
7Knc72pvFtqImIze02T0cn,My Last Breath - Remastered 2023,1l60K3wSsZjJDfeAvnkZw5,247346
48kUVYtxMPCgAuKQEdjjv3,Whisper - Remastered 2023,1l60K3wSsZjJDfeAvnkZw5,327306
6Jpcj0v0uc0IDq8ec35UGO,My Immortal - Band Version / Remastered 2023,1l60K3wSsZjJDfeAvnkZw5,273840
5CwrCLwD5GRw0PsE3Si00Z,Breathe No More - Remastered 2023,1l60K3wSsZjJDfeAvnkZw5,228160
5Bj502s50MDjeizj80IoTJ,Farther Away - Remastered 2023,1l60K3wSsZjJDfeAvnkZw5,239053
2V5R6eOtqJUXpfgkLKcMeG,Missing - Remastered 2023,1l60K3wSsZjJDfeAvnkZw5,258066
4AuTOA3kjmi5aoZ1EGp3Pf,My Immortal - Strings Version / Remastered 2023,1l60K3wSsZjJDfeAvnkZw5,274066
3bkobLllL6xTQGXEObVtzB,Bring Me To Life - Demo / Remastered 2023,1l60K3wSsZjJDfeAvnkZw5,232333
1ncS7joQbULgpQwLSjDXz0,Bring Me To Life - AOL Session / 2003 / Remastered,1l60K3wSsZjJDfeAvnkZw5,217920
2FrSEN6oWjmtv3u1B32IOH,Going Under - Live Acoustic / 2003 / Remastered,1l60K3wSsZjJDfeAvnkZw5,195720
558sFNXvHZWWOzbsDaeak2,Bring Me To Life - Live On Triple M’s Garage Session / 2020 / Remastered 2023,1l60K3wSsZjJDfeAvnkZw5,221680
6elo71dBBKbGFIRG7afV5j,My Immortal - Live At O2 Arena / 2022 / Remastered 2023,1l60K3wSsZjJDfeAvnkZw5,290226
4W01mWRcPENGoy8SIxaSbg,Artifact/The Turn,1Z6rvvQMOMZw2DgyF4CQ9t,146137
1Pb82bodhVVLOardymYRmS,Broken Pieces Shine,1Z6rvvQMOMZw2DgyF4CQ9t,230464
0saMyp91ojsNNBxH93DORH,The Game Is Over,1Z6rvvQMOMZw2DgyF4CQ9t,262071
793uy0hxQXuVRITDAZZbE0,Yeah Right,1Z6rvvQMOMZw2DgyF4CQ9t,209176
1hOWOMx8klimFTevSb4TcW,Feeding the Dark,1Z6rvvQMOMZw2DgyF4CQ9t,254311
7sI2WC33xfq3Cw9C6e22pg,Wasted On You,1Z6rvvQMOMZw2DgyF4CQ9t,264288
0bFqnXTPcjoHsZKlSIK8Pa,Better Without You,1Z6rvvQMOMZw2DgyF4CQ9t,245516
2JAHQG59lkoHZtEHyplRqo,Use My Voice,1Z6rvvQMOMZw2DgyF4CQ9t,241392
6LdD65r6YYeYreVOn0OZ0O,Take Cover,1Z6rvvQMOMZw2DgyF4CQ9t,194702
46S9O5ZHCLQdHy2WRJDkJj,Far From Heaven,1Z6rvvQMOMZw2DgyF4CQ9t,297156
0kKX8rBcyMxSpZRFQYon8d,Part of Me,1Z6rvvQMOMZw2DgyF4CQ9t,239876
1Hklr7RCxIV3gQxE1FxXeH,Blind Belief,1Z6rvvQMOMZw2DgyF4CQ9t,251995
4d4kQ4RAVexSLnLNBiid1m,Overture / Never Go Back - Live,12NBjimNnuWAP0OXIlwyrZ,364093
2ujFfnr1No4tWf4W3mSVbK,Lacrymosa - Live,12NBjimNnuWAP0OXIlwyrZ,220933
3YccBUaJsC6uihYvQ5rtZs,The End of the Dream - Live,12NBjimNnuWAP0OXIlwyrZ,298320
1CuTweEyKaBtv9FlhXnWNN,My Heart Is Broken - Live,12NBjimNnuWAP0OXIlwyrZ,280346
3bXIY7o0ijlEEccr8WKhwA,Lithium - Live,12NBjimNnuWAP0OXIlwyrZ,238986
1rvxZ0qg96Nkr3PLhHTbCA,Bring Me to Life - Live,12NBjimNnuWAP0OXIlwyrZ,264026
0SfoBgyJybeyWik60aOICb,Unraveling (Interlude) / Imaginary - Live,12NBjimNnuWAP0OXIlwyrZ,347106
6NKRLLOaWG5F0NSCJ0oAZ6,Secret Door - Live,12NBjimNnuWAP0OXIlwyrZ,226720
3KYLgBAyZSCFSht6oWdhJ1,Hi-Lo - Live,12NBjimNnuWAP0OXIlwyrZ,309293
0XMO742JjOJvElQpCHR4uH,Lost in Paradise - Live,12NBjimNnuWAP0OXIlwyrZ,288066
2wLx0egvRL5NE9jC8RMXNg,Your Star - Live,12NBjimNnuWAP0OXIlwyrZ,284373
0IxOodnb8zvqGkltLy3OxK,My Immortal - Live,12NBjimNnuWAP0OXIlwyrZ,287613
4VoRXPML8TyIDKubDIq8D4,The In-Between (Piano Solo) / Imperfection - Live,12NBjimNnuWAP0OXIlwyrZ,412906
75LKtEs9uV4yeJfPwOPM83,Speak to Me - Live,12NBjimNnuWAP0OXIlwyrZ,318373
4UQi7aNmJV8xVTArTLMxRs,Good Enough - Live,12NBjimNnuWAP0OXIlwyrZ,336186
1JmMcH6tHMlY7syGKzWcHq,Swimming Home - Live,12NBjimNnuWAP0OXIlwyrZ,227680
